year,ens,rcp,ship_type,num_months
2015,ens1,2p6,1A,4
2015,ens1,2p6,1AS,4
2015,ens1,8p5,1A,4
2015,ens1,8p5,1AS,4
2015,ens10,2p6,1A,4
2015,ens10,2p6,1AS,4
2015,ens10,8p5,1A,4
2015,ens10,8p5,1AS,4
2015,ens11,2p6,1A,4
2015,ens11,2p6,1AS,4
2015,ens11,8p5,1A,4
2015,ens11,8p5,1AS,4
2015,ens12,2p6,1A,4
2015,ens12,2p6,1AS,4
2015,ens12,8p5,1A,4
2015,ens12,8p5,1AS,4
2015,ens13,2p6,1A,4
2015,ens13,2p6,1AS,4
2015,ens13,8p5,1A,4
2015,ens13,8p5,1AS,4
2015,ens2,2p6,1A,4
2015,ens2,2p6,1AS,4
2015,ens2,8p5,1A,4
2015,ens2,8p5,1AS,4
2015,ens3,2p6,1A,4
2015,ens3,2p6,1AS,4
2015,ens3,8p5,1A,4
2015,ens3,8p5,1AS,4
2015,ens4,2p6,1A,4
2015,ens4,2p6,1AS,4
2015,ens4,8p5,1A,4
2015,ens4,8p5,1AS,4
2015,ens5,2p6,1A,4
2015,ens5,2p6,1AS,4
2015,ens5,8p5,1A,4
2015,ens5,8p5,1AS,4
2015,ens6,2p6,1A,4
2015,ens6,2p6,1AS,4
2015,ens6,8p5,1A,4
2015,ens6,8p5,1AS,4
2015,ens7,2p6,1A,4
2015,ens7,2p6,1AS,4
2015,ens7,8p5,1A,4
2015,ens7,8p5,1AS,4
2015,ens8,2p6,1A,4
2015,ens8,2p6,1AS,4
2015,ens8,8p5,1A,4
2015,ens8,8p5,1AS,4
2015,ens9,2p6,1A,4
2015,ens9,2p6,1AS,4
2015,ens9,8p5,1A,4
2015,ens9,8p5,1AS,4
2016,ens1,2p6,1A,3
2016,ens1,2p6,1AS,3
2016,ens1,8p5,1A,2
2016,ens1,8p5,1AS,2
2016,ens10,2p6,1A,4
2016,ens10,2p6,1AS,5
2016,ens10,8p5,1A,4
2016,ens10,8p5,1AS,5
2016,ens11,2p6,1A,4
2016,ens11,2p6,1AS,4
2016,ens11,8p5,1A,3
2016,ens11,8p5,1AS,4
2016,ens12,2p6,1A,4
2016,ens12,2p6,1AS,4
2016,ens12,8p5,1A,4
2016,ens12,8p5,1AS,4
2016,ens13,2p6,1A,2
2016,ens13,2p6,1AS,2
2016,ens13,8p5,1A,4
2016,ens13,8p5,1AS,5
2016,ens2,2p6,1A,2
2016,ens2,2p6,1AS,2
2016,ens2,8p5,1A,4
2016,ens2,8p5,1AS,4
2016,ens3,2p6,1A,3
2016,ens3,2p6,1AS,4
2016,ens3,8p5,1A,3
2016,ens3,8p5,1AS,3
2016,ens4,2p6,1A,3
2016,ens4,2p6,1AS,4
2016,ens4,8p5,1A,4
2016,ens4,8p5,1AS,4
2016,ens5,2p6,1A,3
2016,ens5,2p6,1AS,3
2016,ens5,8p5,1A,2
2016,ens5,8p5,1AS,3
2016,ens6,2p6,1A,4
2016,ens6,2p6,1AS,4
2016,ens6,8p5,1A,3
2016,ens6,8p5,1AS,3
2016,ens7,2p6,1A,3
2016,ens7,2p6,1AS,3
2016,ens7,8p5,1A,3
2016,ens7,8p5,1AS,4
2016,ens8,2p6,1A,3
2016,ens8,2p6,1AS,3
2016,ens8,8p5,1A,3
2016,ens8,8p5,1AS,4
2016,ens9,2p6,1A,3
2016,ens9,2p6,1AS,3
2016,ens9,8p5,1A,4
2016,ens9,8p5,1AS,4
2017,ens1,2p6,1A,3
2017,ens1,2p6,1AS,3
2017,ens1,8p5,1A,3
2017,ens1,8p5,1AS,4
2017,ens10,2p6,1A,3
2017,ens10,2p6,1AS,4
2017,ens10,8p5,1A,4
2017,ens10,8p5,1AS,4
2017,ens11,2p6,1A,4
2017,ens11,2p6,1AS,4
2017,ens11,8p5,1A,3
2017,ens11,8p5,1AS,4
2017,ens12,2p6,1A,4
2017,ens12,2p6,1AS,5
2017,ens12,8p5,1A,4
2017,ens12,8p5,1AS,4
2017,ens13,2p6,1A,2
2017,ens13,2p6,1AS,2
2017,ens13,8p5,1A,2
2017,ens13,8p5,1AS,2
2017,ens2,2p6,1A,2
2017,ens2,2p6,1AS,2
2017,ens2,8p5,1A,3
2017,ens2,8p5,1AS,4
2017,ens3,2p6,1A,4
2017,ens3,2p6,1AS,5
2017,ens3,8p5,1A,4
2017,ens3,8p5,1AS,4
2017,ens4,2p6,1A,4
2017,ens4,2p6,1AS,4
2017,ens4,8p5,1A,2
2017,ens4,8p5,1AS,2
2017,ens5,2p6,1A,4
2017,ens5,2p6,1AS,5
2017,ens5,8p5,1A,4
2017,ens5,8p5,1AS,4
2017,ens6,2p6,1A,2
2017,ens6,2p6,1AS,3
2017,ens6,8p5,1A,3
2017,ens6,8p5,1AS,3
2017,ens7,2p6,1A,3
2017,ens7,2p6,1AS,4
2017,ens7,8p5,1A,3
2017,ens7,8p5,1AS,4
2017,ens8,2p6,1A,3
2017,ens8,2p6,1AS,3
2017,ens8,8p5,1A,4
2017,ens8,8p5,1AS,6
2017,ens9,2p6,1A,2
2017,ens9,2p6,1AS,3
2017,ens9,8p5,1A,4
2017,ens9,8p5,1AS,5
2018,ens1,2p6,1A,3
2018,ens1,2p6,1AS,5
2018,ens1,8p5,1A,2
2018,ens1,8p5,1AS,3
2018,ens10,2p6,1A,4
2018,ens10,2p6,1AS,4
2018,ens10,8p5,1A,4
2018,ens10,8p5,1AS,5
2018,ens11,2p6,1A,4
2018,ens11,2p6,1AS,5
2018,ens11,8p5,1A,4
2018,ens11,8p5,1AS,4
2018,ens12,2p6,1A,4
2018,ens12,2p6,1AS,5
2018,ens12,8p5,1A,3
2018,ens12,8p5,1AS,4
2018,ens13,2p6,1A,2
2018,ens13,2p6,1AS,3
2018,ens13,8p5,1A,2
2018,ens13,8p5,1AS,2
2018,ens2,2p6,1A,3
2018,ens2,2p6,1AS,3
2018,ens2,8p5,1A,3
2018,ens2,8p5,1AS,4
2018,ens3,2p6,1A,2
2018,ens3,2p6,1AS,2
2018,ens3,8p5,1A,2
2018,ens3,8p5,1AS,2
2018,ens4,2p6,1A,2
2018,ens4,2p6,1AS,3
2018,ens4,8p5,1A,4
2018,ens4,8p5,1AS,4
2018,ens5,2p6,1A,2
2018,ens5,2p6,1AS,4
2018,ens5,8p5,1A,2
2018,ens5,8p5,1AS,2
2018,ens6,2p6,1A,4
2018,ens6,2p6,1AS,5
2018,ens6,8p5,1A,2
2018,ens6,8p5,1AS,2
2018,ens7,2p6,1A,3
2018,ens7,2p6,1AS,5
2018,ens7,8p5,1A,3
2018,ens7,8p5,1AS,3
2018,ens8,2p6,1A,2
2018,ens8,2p6,1AS,3
2018,ens8,8p5,1A,4
2018,ens8,8p5,1AS,6
2018,ens9,2p6,1A,3
2018,ens9,2p6,1AS,4
2018,ens9,8p5,1A,4
2018,ens9,8p5,1AS,4
2019,ens1,2p6,1A,4
2019,ens1,2p6,1AS,6
2019,ens1,8p5,1A,2
2019,ens1,8p5,1AS,2
2019,ens10,2p6,1A,4
2019,ens10,2p6,1AS,5
2019,ens10,8p5,1A,4
2019,ens10,8p5,1AS,5
2019,ens11,2p6,1A,4
2019,ens11,2p6,1AS,5
2019,ens11,8p5,1A,4
2019,ens11,8p5,1AS,5
2019,ens12,2p6,1A,4
2019,ens12,2p6,1AS,5
2019,ens12,8p5,1A,3
2019,ens12,8p5,1AS,3
2019,ens13,2p6,1A,3
2019,ens13,2p6,1AS,3
2019,ens13,8p5,1A,2
2019,ens13,8p5,1AS,3
2019,ens2,2p6,1A,3
2019,ens2,2p6,1AS,3
2019,ens2,8p5,1A,4
2019,ens2,8p5,1AS,4
2019,ens3,2p6,1A,1
2019,ens3,2p6,1AS,2
2019,ens3,8p5,1A,3
2019,ens3,8p5,1AS,3
2019,ens4,2p6,1A,4
2019,ens4,2p6,1AS,4
2019,ens4,8p5,1A,3
2019,ens4,8p5,1AS,3
2019,ens5,2p6,1A,3
2019,ens5,2p6,1AS,5
2019,ens5,8p5,1A,2
2019,ens5,8p5,1AS,4
2019,ens6,2p6,1A,4
2019,ens6,2p6,1AS,5
2019,ens6,8p5,1A,2
2019,ens6,8p5,1AS,2
2019,ens7,2p6,1A,5
2019,ens7,2p6,1AS,8
2019,ens7,8p5,1A,3
2019,ens7,8p5,1AS,3
2019,ens8,2p6,1A,4
2019,ens8,2p6,1AS,4
2019,ens8,8p5,1A,4
2019,ens8,8p5,1AS,5
2019,ens9,2p6,1A,3
2019,ens9,2p6,1AS,4
2019,ens9,8p5,1A,4
2019,ens9,8p5,1AS,6
2020,ens1,2p6,1A,3
2020,ens1,2p6,1AS,4
2020,ens1,8p5,1A,3
2020,ens1,8p5,1AS,4
2020,ens10,2p6,1A,4
2020,ens10,2p6,1AS,5
2020,ens10,8p5,1A,4
2020,ens10,8p5,1AS,5
2020,ens11,2p6,1A,4
2020,ens11,2p6,1AS,7
2020,ens11,8p5,1A,4
2020,ens11,8p5,1AS,5
2020,ens12,2p6,1A,4
2020,ens12,2p6,1AS,5
2020,ens12,8p5,1A,3
2020,ens12,8p5,1AS,4
2020,ens13,2p6,1A,2
2020,ens13,2p6,1AS,2
2020,ens13,8p5,1A,3
2020,ens13,8p5,1AS,3
2020,ens2,2p6,1A,2
2020,ens2,2p6,1AS,2
2020,ens2,8p5,1A,3
2020,ens2,8p5,1AS,4
2020,ens3,2p6,1A,3
2020,ens3,2p6,1AS,4
2020,ens3,8p5,1A,3
2020,ens3,8p5,1AS,3
2020,ens4,2p6,1A,3
2020,ens4,2p6,1AS,6
2020,ens4,8p5,1A,4
2020,ens4,8p5,1AS,5
2020,ens5,2p6,1A,2
2020,ens5,2p6,1AS,3
2020,ens5,8p5,1A,2
2020,ens5,8p5,1AS,3
2020,ens6,2p6,1A,5
2020,ens6,2p6,1AS,5
2020,ens6,8p5,1A,2
2020,ens6,8p5,1AS,3
2020,ens7,2p6,1A,3
2020,ens7,2p6,1AS,4
2020,ens7,8p5,1A,3
2020,ens7,8p5,1AS,4
2020,ens8,2p6,1A,4
2020,ens8,2p6,1AS,4
2020,ens8,8p5,1A,4
2020,ens8,8p5,1AS,4
2020,ens9,2p6,1A,4
2020,ens9,2p6,1AS,5
2020,ens9,8p5,1A,3
2020,ens9,8p5,1AS,4
2021,ens1,2p6,1A,4
2021,ens1,2p6,1AS,4
2021,ens1,8p5,1A,2
2021,ens1,8p5,1AS,3
2021,ens10,2p6,1A,4
2021,ens10,2p6,1AS,5
2021,ens10,8p5,1A,4
2021,ens10,8p5,1AS,4
2021,ens11,2p6,1A,5
2021,ens11,2p6,1AS,6
2021,ens11,8p5,1A,4
2021,ens11,8p5,1AS,4
2021,ens12,2p6,1A,4
2021,ens12,2p6,1AS,5
2021,ens12,8p5,1A,4
2021,ens12,8p5,1AS,4
2021,ens13,2p6,1A,2
2021,ens13,2p6,1AS,3
2021,ens13,8p5,1A,2
2021,ens13,8p5,1AS,2
2021,ens2,2p6,1A,2
2021,ens2,2p6,1AS,2
2021,ens2,8p5,1A,4
2021,ens2,8p5,1AS,4
2021,ens3,2p6,1A,3
2021,ens3,2p6,1AS,5
2021,ens3,8p5,1A,4
2021,ens3,8p5,1AS,5
2021,ens4,2p6,1A,4
2021,ens4,2p6,1AS,5
2021,ens4,8p5,1A,4
2021,ens4,8p5,1AS,5
2021,ens5,2p6,1A,2
2021,ens5,2p6,1AS,3
2021,ens5,8p5,1A,4
2021,ens5,8p5,1AS,6
2021,ens6,2p6,1A,2
2021,ens6,2p6,1AS,4
2021,ens6,8p5,1A,3
2021,ens6,8p5,1AS,3
2021,ens7,2p6,1A,3
2021,ens7,2p6,1AS,3
2021,ens7,8p5,1A,3
2021,ens7,8p5,1AS,3
2021,ens8,2p6,1A,2
2021,ens8,2p6,1AS,4
2021,ens8,8p5,1A,3
2021,ens8,8p5,1AS,3
2021,ens9,2p6,1A,4
2021,ens9,2p6,1AS,5
2021,ens9,8p5,1A,3
2021,ens9,8p5,1AS,4
2022,ens1,2p6,1A,4
2022,ens1,2p6,1AS,5
2022,ens1,8p5,1A,4
2022,ens1,8p5,1AS,5
2022,ens10,2p6,1A,4
2022,ens10,2p6,1AS,5
2022,ens10,8p5,1A,4
2022,ens10,8p5,1AS,4
2022,ens11,2p6,1A,4
2022,ens11,2p6,1AS,7
2022,ens11,8p5,1A,4
2022,ens11,8p5,1AS,4
2022,ens12,2p6,1A,4
2022,ens12,2p6,1AS,5
2022,ens12,8p5,1A,4
2022,ens12,8p5,1AS,4
2022,ens13,2p6,1A,2
2022,ens13,2p6,1AS,3
2022,ens13,8p5,1A,4
2022,ens13,8p5,1AS,5
2022,ens2,2p6,1A,3
2022,ens2,2p6,1AS,3
2022,ens2,8p5,1A,3
2022,ens2,8p5,1AS,3
2022,ens3,2p6,1A,4
2022,ens3,2p6,1AS,4
2022,ens3,8p5,1A,3
2022,ens3,8p5,1AS,5
2022,ens4,2p6,1A,3
2022,ens4,2p6,1AS,7
2022,ens4,8p5,1A,2
2022,ens4,8p5,1AS,3
2022,ens5,2p6,1A,2
2022,ens5,2p6,1AS,2
2022,ens5,8p5,1A,4
2022,ens5,8p5,1AS,7
2022,ens6,2p6,1A,4
2022,ens6,2p6,1AS,4
2022,ens6,8p5,1A,2
2022,ens6,8p5,1AS,2
2022,ens7,2p6,1A,3
2022,ens7,2p6,1AS,3
2022,ens7,8p5,1A,3
2022,ens7,8p5,1AS,3
2022,ens8,2p6,1A,4
2022,ens8,2p6,1AS,5
2022,ens8,8p5,1A,4
2022,ens8,8p5,1AS,5
2022,ens9,2p6,1A,4
2022,ens9,2p6,1AS,5
2022,ens9,8p5,1A,4
2022,ens9,8p5,1AS,6
2023,ens1,2p6,1A,4
2023,ens1,2p6,1AS,5
2023,ens1,8p5,1A,5
2023,ens1,8p5,1AS,7
2023,ens10,2p6,1A,4
2023,ens10,2p6,1AS,5
2023,ens10,8p5,1A,4
2023,ens10,8p5,1AS,4
2023,ens11,2p6,1A,4
2023,ens11,2p6,1AS,6
2023,ens11,8p5,1A,4
2023,ens11,8p5,1AS,5
2023,ens12,2p6,1A,4
2023,ens12,2p6,1AS,4
2023,ens12,8p5,1A,4
2023,ens12,8p5,1AS,4
2023,ens13,2p6,1A,2
2023,ens13,2p6,1AS,2
2023,ens13,8p5,1A,2
2023,ens13,8p5,1AS,5
2023,ens2,2p6,1A,2
2023,ens2,2p6,1AS,2
2023,ens2,8p5,1A,4
2023,ens2,8p5,1AS,4
2023,ens3,2p6,1A,1
2023,ens3,2p6,1AS,2
2023,ens3,8p5,1A,3
2023,ens3,8p5,1AS,4
2023,ens4,2p6,1A,4
2023,ens4,2p6,1AS,5
2023,ens4,8p5,1A,2
2023,ens4,8p5,1AS,3
2023,ens5,2p6,1A,3
2023,ens5,2p6,1AS,3
2023,ens5,8p5,1A,2
2023,ens5,8p5,1AS,3
2023,ens6,2p6,1A,2
2023,ens6,2p6,1AS,4
2023,ens6,8p5,1A,3
2023,ens6,8p5,1AS,3
2023,ens7,2p6,1A,4
2023,ens7,2p6,1AS,5
2023,ens7,8p5,1A,3
2023,ens7,8p5,1AS,3
2023,ens8,2p6,1A,4
2023,ens8,2p6,1AS,4
2023,ens8,8p5,1A,3
2023,ens8,8p5,1AS,4
2023,ens9,2p6,1A,2
2023,ens9,2p6,1AS,4
2023,ens9,8p5,1A,3
2023,ens9,8p5,1AS,3
2024,ens1,2p6,1A,3
2024,ens1,2p6,1AS,3
2024,ens1,8p5,1A,3
2024,ens1,8p5,1AS,6
2024,ens10,2p6,1A,4
2024,ens10,2p6,1AS,5
2024,ens10,8p5,1A,4
2024,ens10,8p5,1AS,5
2024,ens11,2p6,1A,4
2024,ens11,2p6,1AS,6
2024,ens11,8p5,1A,4
2024,ens11,8p5,1AS,5
2024,ens12,2p6,1A,4
2024,ens12,2p6,1AS,5
2024,ens12,8p5,1A,4
2024,ens12,8p5,1AS,4
2024,ens13,2p6,1A,2
2024,ens13,2p6,1AS,3
2024,ens13,8p5,1A,4
2024,ens13,8p5,1AS,4
2024,ens2,2p6,1A,2
2024,ens2,2p6,1AS,2
2024,ens2,8p5,1A,4
2024,ens2,8p5,1AS,4
2024,ens3,2p6,1A,2
2024,ens3,2p6,1AS,2
2024,ens3,8p5,1A,3
2024,ens3,8p5,1AS,3
2024,ens4,2p6,1A,4
2024,ens4,2p6,1AS,7
2024,ens4,8p5,1A,2
2024,ens4,8p5,1AS,3
2024,ens5,2p6,1A,3
2024,ens5,2p6,1AS,3
2024,ens5,8p5,1A,3
2024,ens5,8p5,1AS,4
2024,ens6,2p6,1A,3
2024,ens6,2p6,1AS,4
2024,ens6,8p5,1A,2
2024,ens6,8p5,1AS,2
2024,ens7,2p6,1A,4
2024,ens7,2p6,1AS,4
2024,ens7,8p5,1A,3
2024,ens7,8p5,1AS,3
2024,ens8,2p6,1A,3
2024,ens8,2p6,1AS,4
2024,ens8,8p5,1A,3
2024,ens8,8p5,1AS,3
2024,ens9,2p6,1A,4
2024,ens9,2p6,1AS,5
2024,ens9,8p5,1A,3
2024,ens9,8p5,1AS,3
2025,ens1,2p6,1A,5
2025,ens1,2p6,1AS,9
2025,ens1,8p5,1A,5
2025,ens1,8p5,1AS,5
2025,ens10,2p6,1A,4
2025,ens10,2p6,1AS,5
2025,ens10,8p5,1A,4
2025,ens10,8p5,1AS,5
2025,ens11,2p6,1A,4
2025,ens11,2p6,1AS,7
2025,ens11,8p5,1A,4
2025,ens11,8p5,1AS,6
2025,ens12,2p6,1A,4
2025,ens12,2p6,1AS,5
2025,ens12,8p5,1A,4
2025,ens12,8p5,1AS,4
2025,ens13,2p6,1A,2
2025,ens13,2p6,1AS,2
2025,ens13,8p5,1A,4
2025,ens13,8p5,1AS,5
2025,ens2,2p6,1A,2
2025,ens2,2p6,1AS,2
2025,ens2,8p5,1A,3
2025,ens2,8p5,1AS,4
2025,ens3,2p6,1A,5
2025,ens3,2p6,1AS,5
2025,ens3,8p5,1A,2
2025,ens3,8p5,1AS,2
2025,ens4,2p6,1A,5
2025,ens4,2p6,1AS,5
2025,ens4,8p5,1A,3
2025,ens4,8p5,1AS,4
2025,ens5,2p6,1A,2
2025,ens5,2p6,1AS,2
2025,ens5,8p5,1A,3
2025,ens5,8p5,1AS,3
2025,ens6,2p6,1A,2
2025,ens6,2p6,1AS,2
2025,ens6,8p5,1A,2
2025,ens6,8p5,1AS,2
2025,ens7,2p6,1A,2
2025,ens7,2p6,1AS,3
2025,ens7,8p5,1A,3
2025,ens7,8p5,1AS,3
2025,ens8,2p6,1A,4
2025,ens8,2p6,1AS,6
2025,ens8,8p5,1A,5
2025,ens8,8p5,1AS,5
2025,ens9,2p6,1A,4
2025,ens9,2p6,1AS,5
2025,ens9,8p5,1A,4
2025,ens9,8p5,1AS,4
2026,ens1,2p6,1A,5
2026,ens1,2p6,1AS,7
2026,ens1,8p5,1A,5
2026,ens1,8p5,1AS,6
2026,ens10,2p6,1A,4
2026,ens10,2p6,1AS,5
2026,ens10,8p5,1A,4
2026,ens10,8p5,1AS,5
2026,ens11,2p6,1A,4
2026,ens11,2p6,1AS,7
2026,ens11,8p5,1A,4
2026,ens11,8p5,1AS,5
2026,ens12,2p6,1A,4
2026,ens12,2p6,1AS,5
2026,ens12,8p5,1A,4
2026,ens12,8p5,1AS,4
2026,ens13,2p6,1A,2
2026,ens13,2p6,1AS,2
2026,ens13,8p5,1A,2
2026,ens13,8p5,1AS,2
2026,ens2,2p6,1A,2
2026,ens2,2p6,1AS,2
2026,ens2,8p5,1A,4
2026,ens2,8p5,1AS,4
2026,ens3,2p6,1A,4
2026,ens3,2p6,1AS,4
2026,ens3,8p5,1A,3
2026,ens3,8p5,1AS,4
2026,ens4,2p6,1A,3
2026,ens4,2p6,1AS,6
2026,ens4,8p5,1A,4
2026,ens4,8p5,1AS,4
2026,ens5,2p6,1A,3
2026,ens5,2p6,1AS,3
2026,ens5,8p5,1A,4
2026,ens5,8p5,1AS,5
2026,ens6,2p6,1A,2
2026,ens6,2p6,1AS,2
2026,ens6,8p5,1A,2
2026,ens6,8p5,1AS,2
2026,ens7,2p6,1A,2
2026,ens7,2p6,1AS,2
2026,ens7,8p5,1A,3
2026,ens7,8p5,1AS,3
2026,ens8,2p6,1A,4
2026,ens8,2p6,1AS,5
2026,ens8,8p5,1A,5
2026,ens8,8p5,1AS,6
2026,ens9,2p6,1A,4
2026,ens9,2p6,1AS,5
2026,ens9,8p5,1A,4
2026,ens9,8p5,1AS,5
2027,ens1,2p6,1A,6
2027,ens1,2p6,1AS,7
2027,ens1,8p5,1A,5
2027,ens1,8p5,1AS,6
2027,ens10,2p6,1A,4
2027,ens10,2p6,1AS,5
2027,ens10,8p5,1A,4
2027,ens10,8p5,1AS,6
2027,ens11,2p6,1A,4
2027,ens11,2p6,1AS,7
2027,ens11,8p5,1A,4
2027,ens11,8p5,1AS,6
2027,ens12,2p6,1A,4
2027,ens12,2p6,1AS,5
2027,ens12,8p5,1A,3
2027,ens12,8p5,1AS,4
2027,ens13,2p6,1A,2
2027,ens13,2p6,1AS,2
2027,ens13,8p5,1A,2
2027,ens13,8p5,1AS,2
2027,ens2,2p6,1A,2
2027,ens2,2p6,1AS,2
2027,ens2,8p5,1A,3
2027,ens2,8p5,1AS,4
2027,ens3,2p6,1A,5
2027,ens3,2p6,1AS,6
2027,ens3,8p5,1A,4
2027,ens3,8p5,1AS,5
2027,ens4,2p6,1A,3
2027,ens4,2p6,1AS,4
2027,ens4,8p5,1A,4
2027,ens4,8p5,1AS,5
2027,ens5,2p6,1A,5
2027,ens5,2p6,1AS,5
2027,ens5,8p5,1A,3
2027,ens5,8p5,1AS,5
2027,ens6,2p6,1A,4
2027,ens6,2p6,1AS,5
2027,ens6,8p5,1A,2
2027,ens6,8p5,1AS,3
2027,ens7,2p6,1A,3
2027,ens7,2p6,1AS,3
2027,ens7,8p5,1A,3
2027,ens7,8p5,1AS,3
2027,ens8,2p6,1A,4
2027,ens8,2p6,1AS,5
2027,ens8,8p5,1A,5
2027,ens8,8p5,1AS,6
2027,ens9,2p6,1A,4
2027,ens9,2p6,1AS,6
2027,ens9,8p5,1A,4
2027,ens9,8p5,1AS,5
2028,ens1,2p6,1A,5
2028,ens1,2p6,1AS,6
2028,ens1,8p5,1A,6
2028,ens1,8p5,1AS,8
2028,ens10,2p6,1A,4
2028,ens10,2p6,1AS,5
2028,ens10,8p5,1A,5
2028,ens10,8p5,1AS,6
2028,ens11,2p6,1A,4
2028,ens11,2p6,1AS,5
2028,ens11,8p5,1A,5
2028,ens11,8p5,1AS,6
2028,ens12,2p6,1A,5
2028,ens12,2p6,1AS,5
2028,ens12,8p5,1A,3
2028,ens12,8p5,1AS,4
2028,ens13,2p6,1A,2
2028,ens13,2p6,1AS,2
2028,ens13,8p5,1A,2
2028,ens13,8p5,1AS,3
2028,ens2,2p6,1A,3
2028,ens2,2p6,1AS,3
2028,ens2,8p5,1A,3
2028,ens2,8p5,1AS,3
2028,ens3,2p6,1A,3
2028,ens3,2p6,1AS,6
2028,ens3,8p5,1A,3
2028,ens3,8p5,1AS,5
2028,ens4,2p6,1A,4
2028,ens4,2p6,1AS,4
2028,ens4,8p5,1A,4
2028,ens4,8p5,1AS,5
2028,ens5,2p6,1A,2
2028,ens5,2p6,1AS,6
2028,ens5,8p5,1A,3
2028,ens5,8p5,1AS,5
2028,ens6,2p6,1A,3
2028,ens6,2p6,1AS,4
2028,ens6,8p5,1A,2
2028,ens6,8p5,1AS,3
2028,ens7,2p6,1A,2
2028,ens7,2p6,1AS,3
2028,ens7,8p5,1A,3
2028,ens7,8p5,1AS,3
2028,ens8,2p6,1A,2
2028,ens8,2p6,1AS,3
2028,ens8,8p5,1A,4
2028,ens8,8p5,1AS,6
2028,ens9,2p6,1A,3
2028,ens9,2p6,1AS,4
2028,ens9,8p5,1A,5
2028,ens9,8p5,1AS,6
2029,ens1,2p6,1A,4
2029,ens1,2p6,1AS,5
2029,ens1,8p5,1A,5
2029,ens1,8p5,1AS,7
2029,ens10,2p6,1A,4
2029,ens10,2p6,1AS,5
2029,ens10,8p5,1A,5
2029,ens10,8p5,1AS,7
2029,ens11,2p6,1A,4
2029,ens11,2p6,1AS,6
2029,ens11,8p5,1A,5
2029,ens11,8p5,1AS,7
2029,ens12,2p6,1A,5
2029,ens12,2p6,1AS,5
2029,ens12,8p5,1A,4
2029,ens12,8p5,1AS,5
2029,ens13,2p6,1A,2
2029,ens13,2p6,1AS,2
2029,ens13,8p5,1A,3
2029,ens13,8p5,1AS,3
2029,ens2,2p6,1A,3
2029,ens2,2p6,1AS,3
2029,ens2,8p5,1A,4
2029,ens2,8p5,1AS,4
2029,ens3,2p6,1A,4
2029,ens3,2p6,1AS,4
2029,ens3,8p5,1A,4
2029,ens3,8p5,1AS,5
2029,ens4,2p6,1A,4
2029,ens4,2p6,1AS,7
2029,ens4,8p5,1A,5
2029,ens4,8p5,1AS,7
2029,ens5,2p6,1A,5
2029,ens5,2p6,1AS,6
2029,ens5,8p5,1A,3
2029,ens5,8p5,1AS,5
2029,ens6,2p6,1A,4
2029,ens6,2p6,1AS,4
2029,ens6,8p5,1A,3
2029,ens6,8p5,1AS,4
2029,ens7,2p6,1A,3
2029,ens7,2p6,1AS,3
2029,ens7,8p5,1A,3
2029,ens7,8p5,1AS,4
2029,ens8,2p6,1A,2
2029,ens8,2p6,1AS,3
2029,ens8,8p5,1A,5
2029,ens8,8p5,1AS,5
2029,ens9,2p6,1A,4
2029,ens9,2p6,1AS,5
2029,ens9,8p5,1A,5
2029,ens9,8p5,1AS,6
2030,ens1,2p6,1A,4
2030,ens1,2p6,1AS,5
2030,ens1,8p5,1A,5
2030,ens1,8p5,1AS,7
2030,ens10,2p6,1A,4
2030,ens10,2p6,1AS,5
2030,ens10,8p5,1A,5
2030,ens10,8p5,1AS,6
2030,ens11,2p6,1A,4
2030,ens11,2p6,1AS,6
2030,ens11,8p5,1A,4
2030,ens11,8p5,1AS,6
2030,ens12,2p6,1A,4
2030,ens12,2p6,1AS,5
2030,ens12,8p5,1A,4
2030,ens12,8p5,1AS,4
2030,ens13,2p6,1A,2
2030,ens13,2p6,1AS,2
2030,ens13,8p5,1A,3
2030,ens13,8p5,1AS,3
2030,ens2,2p6,1A,3
2030,ens2,2p6,1AS,4
2030,ens2,8p5,1A,4
2030,ens2,8p5,1AS,5
2030,ens3,2p6,1A,4
2030,ens3,2p6,1AS,7
2030,ens3,8p5,1A,4
2030,ens3,8p5,1AS,5
2030,ens4,2p6,1A,3
2030,ens4,2p6,1AS,6
2030,ens4,8p5,1A,5
2030,ens4,8p5,1AS,7
2030,ens5,2p6,1A,6
2030,ens5,2p6,1AS,10
2030,ens5,8p5,1A,4
2030,ens5,8p5,1AS,4
2030,ens6,2p6,1A,4
2030,ens6,2p6,1AS,5
2030,ens6,8p5,1A,2
2030,ens6,8p5,1AS,5
2030,ens7,2p6,1A,2
2030,ens7,2p6,1AS,4
2030,ens7,8p5,1A,3
2030,ens7,8p5,1AS,4
2030,ens8,2p6,1A,4
2030,ens8,2p6,1AS,5
2030,ens8,8p5,1A,5
2030,ens8,8p5,1AS,7
2030,ens9,2p6,1A,1
2030,ens9,2p6,1AS,3
2030,ens9,8p5,1A,3
2030,ens9,8p5,1AS,4
2031,ens1,2p6,1A,4
2031,ens1,2p6,1AS,6
2031,ens1,8p5,1A,5
2031,ens1,8p5,1AS,7
2031,ens10,2p6,1A,3
2031,ens10,2p6,1AS,4
2031,ens10,8p5,1A,4
2031,ens10,8p5,1AS,7
2031,ens11,2p6,1A,4
2031,ens11,2p6,1AS,7
2031,ens11,8p5,1A,4
2031,ens11,8p5,1AS,7
2031,ens12,2p6,1A,4
2031,ens12,2p6,1AS,5
2031,ens12,8p5,1A,4
2031,ens12,8p5,1AS,4
2031,ens13,2p6,1A,2
2031,ens13,2p6,1AS,2
2031,ens13,8p5,1A,4
2031,ens13,8p5,1AS,4
2031,ens2,2p6,1A,2
2031,ens2,2p6,1AS,2
2031,ens2,8p5,1A,3
2031,ens2,8p5,1AS,3
2031,ens3,2p6,1A,4
2031,ens3,2p6,1AS,8
2031,ens3,8p5,1A,4
2031,ens3,8p5,1AS,5
2031,ens4,2p6,1A,3
2031,ens4,2p6,1AS,6
2031,ens4,8p5,1A,5
2031,ens4,8p5,1AS,7
2031,ens5,2p6,1A,5
2031,ens5,2p6,1AS,6
2031,ens5,8p5,1A,2
2031,ens5,8p5,1AS,3
2031,ens6,2p6,1A,4
2031,ens6,2p6,1AS,5
2031,ens6,8p5,1A,4
2031,ens6,8p5,1AS,4
2031,ens7,2p6,1A,3
2031,ens7,2p6,1AS,4
2031,ens7,8p5,1A,3
2031,ens7,8p5,1AS,3
2031,ens8,2p6,1A,2
2031,ens8,2p6,1AS,4
2031,ens8,8p5,1A,5
2031,ens8,8p5,1AS,5
2031,ens9,2p6,1A,3
2031,ens9,2p6,1AS,5
2031,ens9,8p5,1A,4
2031,ens9,8p5,1AS,5
2032,ens1,2p6,1A,4
2032,ens1,2p6,1AS,6
2032,ens1,8p5,1A,4
2032,ens1,8p5,1AS,5
2032,ens10,2p6,1A,3
2032,ens10,2p6,1AS,5
2032,ens10,8p5,1A,4
2032,ens10,8p5,1AS,5
2032,ens11,2p6,1A,4
2032,ens11,2p6,1AS,6
2032,ens11,8p5,1A,4
2032,ens11,8p5,1AS,7
2032,ens12,2p6,1A,4
2032,ens12,2p6,1AS,5
2032,ens12,8p5,1A,4
2032,ens12,8p5,1AS,5
2032,ens13,2p6,1A,3
2032,ens13,2p6,1AS,3
2032,ens13,8p5,1A,2
2032,ens13,8p5,1AS,3
2032,ens2,2p6,1A,2
2032,ens2,2p6,1AS,2
2032,ens2,8p5,1A,4
2032,ens2,8p5,1AS,4
2032,ens3,2p6,1A,4
2032,ens3,2p6,1AS,7
2032,ens3,8p5,1A,3
2032,ens3,8p5,1AS,4
2032,ens4,2p6,1A,3
2032,ens4,2p6,1AS,3
2032,ens4,8p5,1A,5
2032,ens4,8p5,1AS,7
2032,ens5,2p6,1A,4
2032,ens5,2p6,1AS,6
2032,ens5,8p5,1A,4
2032,ens5,8p5,1AS,6
2032,ens6,2p6,1A,4
2032,ens6,2p6,1AS,4
2032,ens6,8p5,1A,3
2032,ens6,8p5,1AS,6
2032,ens7,2p6,1A,3
2032,ens7,2p6,1AS,3
2032,ens7,8p5,1A,3
2032,ens7,8p5,1AS,3
2032,ens8,2p6,1A,3
2032,ens8,2p6,1AS,3
2032,ens8,8p5,1A,5
2032,ens8,8p5,1AS,6
2032,ens9,2p6,1A,3
2032,ens9,2p6,1AS,4
2032,ens9,8p5,1A,5
2032,ens9,8p5,1AS,5
2033,ens1,2p6,1A,3
2033,ens1,2p6,1AS,5
2033,ens1,8p5,1A,5
2033,ens1,8p5,1AS,6
2033,ens10,2p6,1A,3
2033,ens10,2p6,1AS,5
2033,ens10,8p5,1A,5
2033,ens10,8p5,1AS,5
2033,ens11,2p6,1A,4
2033,ens11,2p6,1AS,5
2033,ens11,8p5,1A,4
2033,ens11,8p5,1AS,6
2033,ens12,2p6,1A,5
2033,ens12,2p6,1AS,5
2033,ens12,8p5,1A,4
2033,ens12,8p5,1AS,4
2033,ens13,2p6,1A,3
2033,ens13,2p6,1AS,4
2033,ens13,8p5,1A,4
2033,ens13,8p5,1AS,4
2033,ens2,2p6,1A,2
2033,ens2,2p6,1AS,2
2033,ens2,8p5,1A,4
2033,ens2,8p5,1AS,4
2033,ens3,2p6,1A,4
2033,ens3,2p6,1AS,6
2033,ens3,8p5,1A,4
2033,ens3,8p5,1AS,5
2033,ens4,2p6,1A,3
2033,ens4,2p6,1AS,4
2033,ens4,8p5,1A,7
2033,ens4,8p5,1AS,11
2033,ens5,2p6,1A,2
2033,ens5,2p6,1AS,2
2033,ens5,8p5,1A,5
2033,ens5,8p5,1AS,7
2033,ens6,2p6,1A,4
2033,ens6,2p6,1AS,5
2033,ens6,8p5,1A,2
2033,ens6,8p5,1AS,4
2033,ens7,2p6,1A,3
2033,ens7,2p6,1AS,5
2033,ens7,8p5,1A,3
2033,ens7,8p5,1AS,3
2033,ens8,2p6,1A,4
2033,ens8,2p6,1AS,4
2033,ens8,8p5,1A,5
2033,ens8,8p5,1AS,6
2033,ens9,2p6,1A,4
2033,ens9,2p6,1AS,5
2033,ens9,8p5,1A,6
2033,ens9,8p5,1AS,7
2034,ens1,2p6,1A,4
2034,ens1,2p6,1AS,6
2034,ens1,8p5,1A,6
2034,ens1,8p5,1AS,7
2034,ens10,2p6,1A,4
2034,ens10,2p6,1AS,5
2034,ens10,8p5,1A,5
2034,ens10,8p5,1AS,7
2034,ens11,2p6,1A,4
2034,ens11,2p6,1AS,7
2034,ens11,8p5,1A,5
2034,ens11,8p5,1AS,7
2034,ens12,2p6,1A,5
2034,ens12,2p6,1AS,5
2034,ens12,8p5,1A,4
2034,ens12,8p5,1AS,5
2034,ens13,2p6,1A,2
2034,ens13,2p6,1AS,2
2034,ens13,8p5,1A,2
2034,ens13,8p5,1AS,2
2034,ens2,2p6,1A,3
2034,ens2,2p6,1AS,3
2034,ens2,8p5,1A,3
2034,ens2,8p5,1AS,4
2034,ens3,2p6,1A,5
2034,ens3,2p6,1AS,7
2034,ens3,8p5,1A,4
2034,ens3,8p5,1AS,5
2034,ens4,2p6,1A,5
2034,ens4,2p6,1AS,7
2034,ens4,8p5,1A,6
2034,ens4,8p5,1AS,10
2034,ens5,2p6,1A,4
2034,ens5,2p6,1AS,5
2034,ens5,8p5,1A,4
2034,ens5,8p5,1AS,7
2034,ens6,2p6,1A,5
2034,ens6,2p6,1AS,5
2034,ens6,8p5,1A,4
2034,ens6,8p5,1AS,6
2034,ens7,2p6,1A,3
2034,ens7,2p6,1AS,4
2034,ens7,8p5,1A,3
2034,ens7,8p5,1AS,4
2034,ens8,2p6,1A,5
2034,ens8,2p6,1AS,5
2034,ens8,8p5,1A,5
2034,ens8,8p5,1AS,7
2034,ens9,2p6,1A,5
2034,ens9,2p6,1AS,5
2034,ens9,8p5,1A,6
2034,ens9,8p5,1AS,7
2035,ens1,2p6,1A,3
2035,ens1,2p6,1AS,5
2035,ens1,8p5,1A,7
2035,ens1,8p5,1AS,8
2035,ens10,2p6,1A,4
2035,ens10,2p6,1AS,5
2035,ens10,8p5,1A,4
2035,ens10,8p5,1AS,5
2035,ens11,2p6,1A,4
2035,ens11,2p6,1AS,7
2035,ens11,8p5,1A,5
2035,ens11,8p5,1AS,7
2035,ens12,2p6,1A,4
2035,ens12,2p6,1AS,7
2035,ens12,8p5,1A,4
2035,ens12,8p5,1AS,5
2035,ens13,2p6,1A,3
2035,ens13,2p6,1AS,3
2035,ens13,8p5,1A,4
2035,ens13,8p5,1AS,4
2035,ens2,2p6,1A,3
2035,ens2,2p6,1AS,4
2035,ens2,8p5,1A,3
2035,ens2,8p5,1AS,4
2035,ens3,2p6,1A,5
2035,ens3,2p6,1AS,6
2035,ens3,8p5,1A,2
2035,ens3,8p5,1AS,5
2035,ens4,2p6,1A,4
2035,ens4,2p6,1AS,5
2035,ens4,8p5,1A,7
2035,ens4,8p5,1AS,8
2035,ens5,2p6,1A,2
2035,ens5,2p6,1AS,4
2035,ens5,8p5,1A,4
2035,ens5,8p5,1AS,6
2035,ens6,2p6,1A,5
2035,ens6,2p6,1AS,6
2035,ens6,8p5,1A,2
2035,ens6,8p5,1AS,4
2035,ens7,2p6,1A,3
2035,ens7,2p6,1AS,4
2035,ens7,8p5,1A,3
2035,ens7,8p5,1AS,3
2035,ens8,2p6,1A,5
2035,ens8,2p6,1AS,6
2035,ens8,8p5,1A,5
2035,ens8,8p5,1AS,7
2035,ens9,2p6,1A,5
2035,ens9,2p6,1AS,7
2035,ens9,8p5,1A,6
2035,ens9,8p5,1AS,7
2036,ens1,2p6,1A,4
2036,ens1,2p6,1AS,5
2036,ens1,8p5,1A,5
2036,ens1,8p5,1AS,7
2036,ens10,2p6,1A,4
2036,ens10,2p6,1AS,5
2036,ens10,8p5,1A,5
2036,ens10,8p5,1AS,5
2036,ens11,2p6,1A,5
2036,ens11,2p6,1AS,7
2036,ens11,8p5,1A,5
2036,ens11,8p5,1AS,7
2036,ens12,2p6,1A,4
2036,ens12,2p6,1AS,5
2036,ens12,8p5,1A,4
2036,ens12,8p5,1AS,5
2036,ens13,2p6,1A,3
2036,ens13,2p6,1AS,3
2036,ens13,8p5,1A,5
2036,ens13,8p5,1AS,5
2036,ens2,2p6,1A,3
2036,ens2,2p6,1AS,4
2036,ens2,8p5,1A,3
2036,ens2,8p5,1AS,4
2036,ens3,2p6,1A,4
2036,ens3,2p6,1AS,7
2036,ens3,8p5,1A,5
2036,ens3,8p5,1AS,6
2036,ens4,2p6,1A,4
2036,ens4,2p6,1AS,5
2036,ens4,8p5,1A,7
2036,ens4,8p5,1AS,10
2036,ens5,2p6,1A,3
2036,ens5,2p6,1AS,6
2036,ens5,8p5,1A,2
2036,ens5,8p5,1AS,5
2036,ens6,2p6,1A,5
2036,ens6,2p6,1AS,6
2036,ens6,8p5,1A,3
2036,ens6,8p5,1AS,4
2036,ens7,2p6,1A,2
2036,ens7,2p6,1AS,3
2036,ens7,8p5,1A,3
2036,ens7,8p5,1AS,3
2036,ens8,2p6,1A,4
2036,ens8,2p6,1AS,5
2036,ens8,8p5,1A,5
2036,ens8,8p5,1AS,6
2036,ens9,2p6,1A,5
2036,ens9,2p6,1AS,6
2036,ens9,8p5,1A,6
2036,ens9,8p5,1AS,6
2037,ens1,2p6,1A,4
2037,ens1,2p6,1AS,4
2037,ens1,8p5,1A,6
2037,ens1,8p5,1AS,8
2037,ens10,2p6,1A,4
2037,ens10,2p6,1AS,5
2037,ens10,8p5,1A,5
2037,ens10,8p5,1AS,5
2037,ens11,2p6,1A,6
2037,ens11,2p6,1AS,8
2037,ens11,8p5,1A,5
2037,ens11,8p5,1AS,7
2037,ens12,2p6,1A,5
2037,ens12,2p6,1AS,5
2037,ens12,8p5,1A,4
2037,ens12,8p5,1AS,5
2037,ens13,2p6,1A,4
2037,ens13,2p6,1AS,5
2037,ens13,8p5,1A,6
2037,ens13,8p5,1AS,7
2037,ens2,2p6,1A,2
2037,ens2,2p6,1AS,2
2037,ens2,8p5,1A,4
2037,ens2,8p5,1AS,4
2037,ens3,2p6,1A,4
2037,ens3,2p6,1AS,10
2037,ens3,8p5,1A,5
2037,ens3,8p5,1AS,5
2037,ens4,2p6,1A,4
2037,ens4,2p6,1AS,6
2037,ens4,8p5,1A,6
2037,ens4,8p5,1AS,7
2037,ens5,2p6,1A,5
2037,ens5,2p6,1AS,5
2037,ens5,8p5,1A,5
2037,ens5,8p5,1AS,8
2037,ens6,2p6,1A,5
2037,ens6,2p6,1AS,7
2037,ens6,8p5,1A,4
2037,ens6,8p5,1AS,7
2037,ens7,2p6,1A,2
2037,ens7,2p6,1AS,3
2037,ens7,8p5,1A,3
2037,ens7,8p5,1AS,3
2037,ens8,2p6,1A,5
2037,ens8,2p6,1AS,6
2037,ens8,8p5,1A,5
2037,ens8,8p5,1AS,6
2037,ens9,2p6,1A,4
2037,ens9,2p6,1AS,5
2037,ens9,8p5,1A,6
2037,ens9,8p5,1AS,6
2038,ens1,2p6,1A,4
2038,ens1,2p6,1AS,4
2038,ens1,8p5,1A,5
2038,ens1,8p5,1AS,8
2038,ens10,2p6,1A,4
2038,ens10,2p6,1AS,5
2038,ens10,8p5,1A,4
2038,ens10,8p5,1AS,6
2038,ens11,2p6,1A,5
2038,ens11,2p6,1AS,7
2038,ens11,8p5,1A,5
2038,ens11,8p5,1AS,6
2038,ens12,2p6,1A,4
2038,ens12,2p6,1AS,5
2038,ens12,8p5,1A,5
2038,ens12,8p5,1AS,6
2038,ens13,2p6,1A,2
2038,ens13,2p6,1AS,4
2038,ens13,8p5,1A,6
2038,ens13,8p5,1AS,7
2038,ens2,2p6,1A,2
2038,ens2,2p6,1AS,2
2038,ens2,8p5,1A,4
2038,ens2,8p5,1AS,4
2038,ens3,2p6,1A,5
2038,ens3,2p6,1AS,6
2038,ens3,8p5,1A,3
2038,ens3,8p5,1AS,4
2038,ens4,2p6,1A,4
2038,ens4,2p6,1AS,7
2038,ens4,8p5,1A,5
2038,ens4,8p5,1AS,5
2038,ens5,2p6,1A,5
2038,ens5,2p6,1AS,5
2038,ens5,8p5,1A,5
2038,ens5,8p5,1AS,6
2038,ens6,2p6,1A,5
2038,ens6,2p6,1AS,6
2038,ens6,8p5,1A,4
2038,ens6,8p5,1AS,6
2038,ens7,2p6,1A,3
2038,ens7,2p6,1AS,6
2038,ens7,8p5,1A,3
2038,ens7,8p5,1AS,4
2038,ens8,2p6,1A,4
2038,ens8,2p6,1AS,6
2038,ens8,8p5,1A,5
2038,ens8,8p5,1AS,7
2038,ens9,2p6,1A,5
2038,ens9,2p6,1AS,6
2038,ens9,8p5,1A,6
2038,ens9,8p5,1AS,7
2039,ens1,2p6,1A,4
2039,ens1,2p6,1AS,7
2039,ens1,8p5,1A,5
2039,ens1,8p5,1AS,7
2039,ens10,2p6,1A,5
2039,ens10,2p6,1AS,5
2039,ens10,8p5,1A,4
2039,ens10,8p5,1AS,5
2039,ens11,2p6,1A,6
2039,ens11,2p6,1AS,8
2039,ens11,8p5,1A,6
2039,ens11,8p5,1AS,8
2039,ens12,2p6,1A,5
2039,ens12,2p6,1AS,6
2039,ens12,8p5,1A,5
2039,ens12,8p5,1AS,8
2039,ens13,2p6,1A,3
2039,ens13,2p6,1AS,3
2039,ens13,8p5,1A,6
2039,ens13,8p5,1AS,8
2039,ens2,2p6,1A,4
2039,ens2,2p6,1AS,4
2039,ens2,8p5,1A,4
2039,ens2,8p5,1AS,4
2039,ens3,2p6,1A,3
2039,ens3,2p6,1AS,5
2039,ens3,8p5,1A,4
2039,ens3,8p5,1AS,6
2039,ens4,2p6,1A,4
2039,ens4,2p6,1AS,7
2039,ens4,8p5,1A,5
2039,ens4,8p5,1AS,7
2039,ens5,2p6,1A,6
2039,ens5,2p6,1AS,6
2039,ens5,8p5,1A,6
2039,ens5,8p5,1AS,7
2039,ens6,2p6,1A,4
2039,ens6,2p6,1AS,6
2039,ens6,8p5,1A,5
2039,ens6,8p5,1AS,5
2039,ens7,2p6,1A,5
2039,ens7,2p6,1AS,6
2039,ens7,8p5,1A,3
2039,ens7,8p5,1AS,4
2039,ens8,2p6,1A,5
2039,ens8,2p6,1AS,5
2039,ens8,8p5,1A,5
2039,ens8,8p5,1AS,6
2039,ens9,2p6,1A,5
2039,ens9,2p6,1AS,7
2039,ens9,8p5,1A,7
2039,ens9,8p5,1AS,8
2040,ens1,2p6,1A,5
2040,ens1,2p6,1AS,6
2040,ens1,8p5,1A,6
2040,ens1,8p5,1AS,8
2040,ens10,2p6,1A,5
2040,ens10,2p6,1AS,7
2040,ens10,8p5,1A,5
2040,ens10,8p5,1AS,6
2040,ens11,2p6,1A,6
2040,ens11,2p6,1AS,8
2040,ens11,8p5,1A,5
2040,ens11,8p5,1AS,7
2040,ens12,2p6,1A,5
2040,ens12,2p6,1AS,7
2040,ens12,8p5,1A,5
2040,ens12,8p5,1AS,6
2040,ens13,2p6,1A,4
2040,ens13,2p6,1AS,4
2040,ens13,8p5,1A,5
2040,ens13,8p5,1AS,6
2040,ens2,2p6,1A,3
2040,ens2,2p6,1AS,4
2040,ens2,8p5,1A,5
2040,ens2,8p5,1AS,5
2040,ens3,2p6,1A,3
2040,ens3,2p6,1AS,6
2040,ens3,8p5,1A,5
2040,ens3,8p5,1AS,6
2040,ens4,2p6,1A,2
2040,ens4,2p6,1AS,3
2040,ens4,8p5,1A,5
2040,ens4,8p5,1AS,5
2040,ens5,2p6,1A,6
2040,ens5,2p6,1AS,7
2040,ens5,8p5,1A,5
2040,ens5,8p5,1AS,7
2040,ens6,2p6,1A,5
2040,ens6,2p6,1AS,7
2040,ens6,8p5,1A,3
2040,ens6,8p5,1AS,7
2040,ens7,2p6,1A,4
2040,ens7,2p6,1AS,7
2040,ens7,8p5,1A,3
2040,ens7,8p5,1AS,4
2040,ens8,2p6,1A,5
2040,ens8,2p6,1AS,5
2040,ens8,8p5,1A,5
2040,ens8,8p5,1AS,7
2040,ens9,2p6,1A,6
2040,ens9,2p6,1AS,6
2040,ens9,8p5,1A,7
2040,ens9,8p5,1AS,7
2041,ens1,2p6,1A,5
2041,ens1,2p6,1AS,8
2041,ens1,8p5,1A,7
2041,ens1,8p5,1AS,9
2041,ens10,2p6,1A,5
2041,ens10,2p6,1AS,6
2041,ens10,8p5,1A,4
2041,ens10,8p5,1AS,7
2041,ens11,2p6,1A,5
2041,ens11,2p6,1AS,9
2041,ens11,8p5,1A,5
2041,ens11,8p5,1AS,6
2041,ens12,2p6,1A,5
2041,ens12,2p6,1AS,7
2041,ens12,8p5,1A,5
2041,ens12,8p5,1AS,5
2041,ens13,2p6,1A,4
2041,ens13,2p6,1AS,5
2041,ens13,8p5,1A,4
2041,ens13,8p5,1AS,5
2041,ens2,2p6,1A,2
2041,ens2,2p6,1AS,3
2041,ens2,8p5,1A,4
2041,ens2,8p5,1AS,5
2041,ens3,2p6,1A,4
2041,ens3,2p6,1AS,6
2041,ens3,8p5,1A,5
2041,ens3,8p5,1AS,6
2041,ens4,2p6,1A,4
2041,ens4,2p6,1AS,4
2041,ens4,8p5,1A,5
2041,ens4,8p5,1AS,7
2041,ens5,2p6,1A,6
2041,ens5,2p6,1AS,8
2041,ens5,8p5,1A,5
2041,ens5,8p5,1AS,8
2041,ens6,2p6,1A,6
2041,ens6,2p6,1AS,8
2041,ens6,8p5,1A,6
2041,ens6,8p5,1AS,7
2041,ens7,2p6,1A,2
2041,ens7,2p6,1AS,4
2041,ens7,8p5,1A,3
2041,ens7,8p5,1AS,5
2041,ens8,2p6,1A,4
2041,ens8,2p6,1AS,5
2041,ens8,8p5,1A,7
2041,ens8,8p5,1AS,7
2041,ens9,2p6,1A,5
2041,ens9,2p6,1AS,6
2041,ens9,8p5,1A,7
2041,ens9,8p5,1AS,8
2042,ens1,2p6,1A,5
2042,ens1,2p6,1AS,5
2042,ens1,8p5,1A,5
2042,ens1,8p5,1AS,8
2042,ens10,2p6,1A,4
2042,ens10,2p6,1AS,5
2042,ens10,8p5,1A,5
2042,ens10,8p5,1AS,6
2042,ens11,2p6,1A,5
2042,ens11,2p6,1AS,8
2042,ens11,8p5,1A,5
2042,ens11,8p5,1AS,7
2042,ens12,2p6,1A,4
2042,ens12,2p6,1AS,5
2042,ens12,8p5,1A,5
2042,ens12,8p5,1AS,6
2042,ens13,2p6,1A,4
2042,ens13,2p6,1AS,6
2042,ens13,8p5,1A,5
2042,ens13,8p5,1AS,7
2042,ens2,2p6,1A,3
2042,ens2,2p6,1AS,3
2042,ens2,8p5,1A,4
2042,ens2,8p5,1AS,4
2042,ens3,2p6,1A,3
2042,ens3,2p6,1AS,8
2042,ens3,8p5,1A,3
2042,ens3,8p5,1AS,6
2042,ens4,2p6,1A,3
2042,ens4,2p6,1AS,5
2042,ens4,8p5,1A,6
2042,ens4,8p5,1AS,7
2042,ens5,2p6,1A,6
2042,ens5,2p6,1AS,6
2042,ens5,8p5,1A,6
2042,ens5,8p5,1AS,8
2042,ens6,2p6,1A,4
2042,ens6,2p6,1AS,5
2042,ens6,8p5,1A,3
2042,ens6,8p5,1AS,6
2042,ens7,2p6,1A,3
2042,ens7,2p6,1AS,5
2042,ens7,8p5,1A,3
2042,ens7,8p5,1AS,4
2042,ens8,2p6,1A,5
2042,ens8,2p6,1AS,5
2042,ens8,8p5,1A,6
2042,ens8,8p5,1AS,8
2042,ens9,2p6,1A,5
2042,ens9,2p6,1AS,6
2042,ens9,8p5,1A,5
2042,ens9,8p5,1AS,6
2043,ens1,2p6,1A,4
2043,ens1,2p6,1AS,5
2043,ens1,8p5,1A,6
2043,ens1,8p5,1AS,8
2043,ens10,2p6,1A,4
2043,ens10,2p6,1AS,6
2043,ens10,8p5,1A,5
2043,ens10,8p5,1AS,7
2043,ens11,2p6,1A,6
2043,ens11,2p6,1AS,8
2043,ens11,8p5,1A,5
2043,ens11,8p5,1AS,8
2043,ens12,2p6,1A,5
2043,ens12,2p6,1AS,5
2043,ens12,8p5,1A,5
2043,ens12,8p5,1AS,7
2043,ens13,2p6,1A,2
2043,ens13,2p6,1AS,3
2043,ens13,8p5,1A,6
2043,ens13,8p5,1AS,6
2043,ens2,2p6,1A,3
2043,ens2,2p6,1AS,3
2043,ens2,8p5,1A,4
2043,ens2,8p5,1AS,5
2043,ens3,2p6,1A,5
2043,ens3,2p6,1AS,7
2043,ens3,8p5,1A,4
2043,ens3,8p5,1AS,6
2043,ens4,2p6,1A,3
2043,ens4,2p6,1AS,4
2043,ens4,8p5,1A,8
2043,ens4,8p5,1AS,8
2043,ens5,2p6,1A,6
2043,ens5,2p6,1AS,8
2043,ens5,8p5,1A,5
2043,ens5,8p5,1AS,6
2043,ens6,2p6,1A,5
2043,ens6,2p6,1AS,5
2043,ens6,8p5,1A,3
2043,ens6,8p5,1AS,4
2043,ens7,2p6,1A,5
2043,ens7,2p6,1AS,8
2043,ens7,8p5,1A,3
2043,ens7,8p5,1AS,4
2043,ens8,2p6,1A,5
2043,ens8,2p6,1AS,5
2043,ens8,8p5,1A,6
2043,ens8,8p5,1AS,8
2043,ens9,2p6,1A,4
2043,ens9,2p6,1AS,6
2043,ens9,8p5,1A,6
2043,ens9,8p5,1AS,6
2044,ens1,2p6,1A,6
2044,ens1,2p6,1AS,7
2044,ens1,8p5,1A,7
2044,ens1,8p5,1AS,8
2044,ens10,2p6,1A,4
2044,ens10,2p6,1AS,5
2044,ens10,8p5,1A,5
2044,ens10,8p5,1AS,7
2044,ens11,2p6,1A,7
2044,ens11,2p6,1AS,8
2044,ens11,8p5,1A,6
2044,ens11,8p5,1AS,8
2044,ens12,2p6,1A,5
2044,ens12,2p6,1AS,7
2044,ens12,8p5,1A,4
2044,ens12,8p5,1AS,6
2044,ens13,2p6,1A,4
2044,ens13,2p6,1AS,5
2044,ens13,8p5,1A,5
2044,ens13,8p5,1AS,7
2044,ens2,2p6,1A,2
2044,ens2,2p6,1AS,2
2044,ens2,8p5,1A,4
2044,ens2,8p5,1AS,4
2044,ens3,2p6,1A,5
2044,ens3,2p6,1AS,9
2044,ens3,8p5,1A,5
2044,ens3,8p5,1AS,5
2044,ens4,2p6,1A,4
2044,ens4,2p6,1AS,4
2044,ens4,8p5,1A,6
2044,ens4,8p5,1AS,7
2044,ens5,2p6,1A,6
2044,ens5,2p6,1AS,8
2044,ens5,8p5,1A,7
2044,ens5,8p5,1AS,8
2044,ens6,2p6,1A,4
2044,ens6,2p6,1AS,5
2044,ens6,8p5,1A,6
2044,ens6,8p5,1AS,7
2044,ens7,2p6,1A,5
2044,ens7,2p6,1AS,8
2044,ens7,8p5,1A,4
2044,ens7,8p5,1AS,6
2044,ens8,2p6,1A,4
2044,ens8,2p6,1AS,8
2044,ens8,8p5,1A,5
2044,ens8,8p5,1AS,6
2044,ens9,2p6,1A,5
2044,ens9,2p6,1AS,5
2044,ens9,8p5,1A,6
2044,ens9,8p5,1AS,8
2045,ens1,2p6,1A,6
2045,ens1,2p6,1AS,7
2045,ens1,8p5,1A,7
2045,ens1,8p5,1AS,12
2045,ens10,2p6,1A,5
2045,ens10,2p6,1AS,5
2045,ens10,8p5,1A,5
2045,ens10,8p5,1AS,7
2045,ens11,2p6,1A,6
2045,ens11,2p6,1AS,8
2045,ens11,8p5,1A,6
2045,ens11,8p5,1AS,9
2045,ens12,2p6,1A,5
2045,ens12,2p6,1AS,7
2045,ens12,8p5,1A,5
2045,ens12,8p5,1AS,5
2045,ens13,2p6,1A,4
2045,ens13,2p6,1AS,5
2045,ens13,8p5,1A,4
2045,ens13,8p5,1AS,5
2045,ens2,2p6,1A,4
2045,ens2,2p6,1AS,4
2045,ens2,8p5,1A,4
2045,ens2,8p5,1AS,4
2045,ens3,2p6,1A,3
2045,ens3,2p6,1AS,7
2045,ens3,8p5,1A,5
2045,ens3,8p5,1AS,5
2045,ens4,2p6,1A,4
2045,ens4,2p6,1AS,5
2045,ens4,8p5,1A,7
2045,ens4,8p5,1AS,8
2045,ens5,2p6,1A,7
2045,ens5,2p6,1AS,8
2045,ens5,8p5,1A,6
2045,ens5,8p5,1AS,7
2045,ens6,2p6,1A,4
2045,ens6,2p6,1AS,7
2045,ens6,8p5,1A,6
2045,ens6,8p5,1AS,6
2045,ens7,2p6,1A,4
2045,ens7,2p6,1AS,7
2045,ens7,8p5,1A,4
2045,ens7,8p5,1AS,7
2045,ens8,2p6,1A,5
2045,ens8,2p6,1AS,7
2045,ens8,8p5,1A,5
2045,ens8,8p5,1AS,6
2045,ens9,2p6,1A,5
2045,ens9,2p6,1AS,5
2045,ens9,8p5,1A,6
2045,ens9,8p5,1AS,7
2046,ens1,2p6,1A,6
2046,ens1,2p6,1AS,7
2046,ens1,8p5,1A,8
2046,ens1,8p5,1AS,11
2046,ens10,2p6,1A,5
2046,ens10,2p6,1AS,5
2046,ens10,8p5,1A,4
2046,ens10,8p5,1AS,7
2046,ens11,2p6,1A,6
2046,ens11,2p6,1AS,8
2046,ens11,8p5,1A,6
2046,ens11,8p5,1AS,7
2046,ens12,2p6,1A,5
2046,ens12,2p6,1AS,6
2046,ens12,8p5,1A,5
2046,ens12,8p5,1AS,6
2046,ens13,2p6,1A,4
2046,ens13,2p6,1AS,5
2046,ens13,8p5,1A,4
2046,ens13,8p5,1AS,4
2046,ens2,2p6,1A,3
2046,ens2,2p6,1AS,4
2046,ens2,8p5,1A,5
2046,ens2,8p5,1AS,5
2046,ens3,2p6,1A,6
2046,ens3,2p6,1AS,6
2046,ens3,8p5,1A,5
2046,ens3,8p5,1AS,6
2046,ens4,2p6,1A,4
2046,ens4,2p6,1AS,5
2046,ens4,8p5,1A,6
2046,ens4,8p5,1AS,8
2046,ens5,2p6,1A,6
2046,ens5,2p6,1AS,7
2046,ens5,8p5,1A,7
2046,ens5,8p5,1AS,8
2046,ens6,2p6,1A,3
2046,ens6,2p6,1AS,3
2046,ens6,8p5,1A,6
2046,ens6,8p5,1AS,7
2046,ens7,2p6,1A,3
2046,ens7,2p6,1AS,6
2046,ens7,8p5,1A,4
2046,ens7,8p5,1AS,6
2046,ens8,2p6,1A,5
2046,ens8,2p6,1AS,6
2046,ens8,8p5,1A,5
2046,ens8,8p5,1AS,7
2046,ens9,2p6,1A,4
2046,ens9,2p6,1AS,6
2046,ens9,8p5,1A,4
2046,ens9,8p5,1AS,6
2047,ens1,2p6,1A,7
2047,ens1,2p6,1AS,7
2047,ens1,8p5,1A,8
2047,ens1,8p5,1AS,10
2047,ens10,2p6,1A,5
2047,ens10,2p6,1AS,5
2047,ens10,8p5,1A,5
2047,ens10,8p5,1AS,7
2047,ens11,2p6,1A,6
2047,ens11,2p6,1AS,8
2047,ens11,8p5,1A,6
2047,ens11,8p5,1AS,7
2047,ens12,2p6,1A,5
2047,ens12,2p6,1AS,6
2047,ens12,8p5,1A,5
2047,ens12,8p5,1AS,6
2047,ens13,2p6,1A,4
2047,ens13,2p6,1AS,4
2047,ens13,8p5,1A,3
2047,ens13,8p5,1AS,4
2047,ens2,2p6,1A,4
2047,ens2,2p6,1AS,5
2047,ens2,8p5,1A,5
2047,ens2,8p5,1AS,7
2047,ens3,2p6,1A,4
2047,ens3,2p6,1AS,7
2047,ens3,8p5,1A,4
2047,ens3,8p5,1AS,6
2047,ens4,2p6,1A,4
2047,ens4,2p6,1AS,6
2047,ens4,8p5,1A,5
2047,ens4,8p5,1AS,5
2047,ens5,2p6,1A,6
2047,ens5,2p6,1AS,6
2047,ens5,8p5,1A,8
2047,ens5,8p5,1AS,9
2047,ens6,2p6,1A,5
2047,ens6,2p6,1AS,5
2047,ens6,8p5,1A,6
2047,ens6,8p5,1AS,8
2047,ens7,2p6,1A,4
2047,ens7,2p6,1AS,6
2047,ens7,8p5,1A,5
2047,ens7,8p5,1AS,8
2047,ens8,2p6,1A,5
2047,ens8,2p6,1AS,7
2047,ens8,8p5,1A,5
2047,ens8,8p5,1AS,7
2047,ens9,2p6,1A,4
2047,ens9,2p6,1AS,6
2047,ens9,8p5,1A,5
2047,ens9,8p5,1AS,6
2048,ens1,2p6,1A,5
2048,ens1,2p6,1AS,8
2048,ens1,8p5,1A,9
2048,ens1,8p5,1AS,10
2048,ens10,2p6,1A,5
2048,ens10,2p6,1AS,6
2048,ens10,8p5,1A,5
2048,ens10,8p5,1AS,6
2048,ens11,2p6,1A,5
2048,ens11,2p6,1AS,10
2048,ens11,8p5,1A,6
2048,ens11,8p5,1AS,9
2048,ens12,2p6,1A,5
2048,ens12,2p6,1AS,5
2048,ens12,8p5,1A,5
2048,ens12,8p5,1AS,6
2048,ens13,2p6,1A,2
2048,ens13,2p6,1AS,2
2048,ens13,8p5,1A,3
2048,ens13,8p5,1AS,7
2048,ens2,2p6,1A,4
2048,ens2,2p6,1AS,5
2048,ens2,8p5,1A,4
2048,ens2,8p5,1AS,5
2048,ens3,2p6,1A,4
2048,ens3,2p6,1AS,6
2048,ens3,8p5,1A,3
2048,ens3,8p5,1AS,6
2048,ens4,2p6,1A,3
2048,ens4,2p6,1AS,3
2048,ens4,8p5,1A,5
2048,ens4,8p5,1AS,6
2048,ens5,2p6,1A,5
2048,ens5,2p6,1AS,7
2048,ens5,8p5,1A,8
2048,ens5,8p5,1AS,10
2048,ens6,2p6,1A,6
2048,ens6,2p6,1AS,7
2048,ens6,8p5,1A,5
2048,ens6,8p5,1AS,6
2048,ens7,2p6,1A,4
2048,ens7,2p6,1AS,5
2048,ens7,8p5,1A,5
2048,ens7,8p5,1AS,7
2048,ens8,2p6,1A,5
2048,ens8,2p6,1AS,7
2048,ens8,8p5,1A,6
2048,ens8,8p5,1AS,7
2048,ens9,2p6,1A,4
2048,ens9,2p6,1AS,6
2048,ens9,8p5,1A,6
2048,ens9,8p5,1AS,7
2049,ens1,2p6,1A,4
2049,ens1,2p6,1AS,5
2049,ens1,8p5,1A,7
2049,ens1,8p5,1AS,9
2049,ens10,2p6,1A,5
2049,ens10,2p6,1AS,8
2049,ens10,8p5,1A,5
2049,ens10,8p5,1AS,7
2049,ens11,2p6,1A,5
2049,ens11,2p6,1AS,8
2049,ens11,8p5,1A,7
2049,ens11,8p5,1AS,10
2049,ens12,2p6,1A,5
2049,ens12,2p6,1AS,7
2049,ens12,8p5,1A,5
2049,ens12,8p5,1AS,7
2049,ens13,2p6,1A,4
2049,ens13,2p6,1AS,4
2049,ens13,8p5,1A,3
2049,ens13,8p5,1AS,5
2049,ens2,2p6,1A,5
2049,ens2,2p6,1AS,6
2049,ens2,8p5,1A,5
2049,ens2,8p5,1AS,6
2049,ens3,2p6,1A,5
2049,ens3,2p6,1AS,9
2049,ens3,8p5,1A,4
2049,ens3,8p5,1AS,6
2049,ens4,2p6,1A,4
2049,ens4,2p6,1AS,6
2049,ens4,8p5,1A,7
2049,ens4,8p5,1AS,8
2049,ens5,2p6,1A,7
2049,ens5,2p6,1AS,8
2049,ens5,8p5,1A,5
2049,ens5,8p5,1AS,7
2049,ens6,2p6,1A,6
2049,ens6,2p6,1AS,8
2049,ens6,8p5,1A,6
2049,ens6,8p5,1AS,8
2049,ens7,2p6,1A,6
2049,ens7,2p6,1AS,9
2049,ens7,8p5,1A,4
2049,ens7,8p5,1AS,6
2049,ens8,2p6,1A,5
2049,ens8,2p6,1AS,8
2049,ens8,8p5,1A,7
2049,ens8,8p5,1AS,8
2049,ens9,2p6,1A,5
2049,ens9,2p6,1AS,6
2049,ens9,8p5,1A,6
2049,ens9,8p5,1AS,7
2050,ens1,2p6,1A,4
2050,ens1,2p6,1AS,6
2050,ens1,8p5,1A,7
2050,ens1,8p5,1AS,8
2050,ens10,2p6,1A,5
2050,ens10,2p6,1AS,8
2050,ens10,8p5,1A,5
2050,ens10,8p5,1AS,6
2050,ens11,2p6,1A,5
2050,ens11,2p6,1AS,7
2050,ens11,8p5,1A,6
2050,ens11,8p5,1AS,9
2050,ens12,2p6,1A,5
2050,ens12,2p6,1AS,6
2050,ens12,8p5,1A,6
2050,ens12,8p5,1AS,8
2050,ens13,2p6,1A,3
2050,ens13,2p6,1AS,5
2050,ens13,8p5,1A,5
2050,ens13,8p5,1AS,6
2050,ens2,2p6,1A,4
2050,ens2,2p6,1AS,5
2050,ens2,8p5,1A,5
2050,ens2,8p5,1AS,5
2050,ens3,2p6,1A,6
2050,ens3,2p6,1AS,9
2050,ens3,8p5,1A,6
2050,ens3,8p5,1AS,6
2050,ens4,2p6,1A,3
2050,ens4,2p6,1AS,6
2050,ens4,8p5,1A,5
2050,ens4,8p5,1AS,7
2050,ens5,2p6,1A,4
2050,ens5,2p6,1AS,6
2050,ens5,8p5,1A,9
2050,ens5,8p5,1AS,9
2050,ens6,2p6,1A,7
2050,ens6,2p6,1AS,7
2050,ens6,8p5,1A,4
2050,ens6,8p5,1AS,6
2050,ens7,2p6,1A,7
2050,ens7,2p6,1AS,11
2050,ens7,8p5,1A,6
2050,ens7,8p5,1AS,9
2050,ens8,2p6,1A,5
2050,ens8,2p6,1AS,7
2050,ens8,8p5,1A,6
2050,ens8,8p5,1AS,8
2050,ens9,2p6,1A,5
2050,ens9,2p6,1AS,6
2050,ens9,8p5,1A,8
2050,ens9,8p5,1AS,9
2051,ens1,2p6,1A,4
2051,ens1,2p6,1AS,4
2051,ens1,8p5,1A,6
2051,ens1,8p5,1AS,6
2051,ens10,2p6,1A,4
2051,ens10,2p6,1AS,7
2051,ens10,8p5,1A,5
2051,ens10,8p5,1AS,8
2051,ens11,2p6,1A,5
2051,ens11,2p6,1AS,7
2051,ens11,8p5,1A,7
2051,ens11,8p5,1AS,7
2051,ens12,2p6,1A,5
2051,ens12,2p6,1AS,7
2051,ens12,8p5,1A,5
2051,ens12,8p5,1AS,8
2051,ens13,2p6,1A,2
2051,ens13,2p6,1AS,2
2051,ens13,8p5,1A,3
2051,ens13,8p5,1AS,5
2051,ens2,2p6,1A,4
2051,ens2,2p6,1AS,6
2051,ens2,8p5,1A,5
2051,ens2,8p5,1AS,5
2051,ens3,2p6,1A,9
2051,ens3,2p6,1AS,12
2051,ens3,8p5,1A,5
2051,ens3,8p5,1AS,7
2051,ens4,2p6,1A,5
2051,ens4,2p6,1AS,5
2051,ens4,8p5,1A,5
2051,ens4,8p5,1AS,7
2051,ens5,2p6,1A,6
2051,ens5,2p6,1AS,6
2051,ens5,8p5,1A,5
2051,ens5,8p5,1AS,9
2051,ens6,2p6,1A,7
2051,ens6,2p6,1AS,7
2051,ens6,8p5,1A,6
2051,ens6,8p5,1AS,9
2051,ens7,2p6,1A,6
2051,ens7,2p6,1AS,9
2051,ens7,8p5,1A,5
2051,ens7,8p5,1AS,8
2051,ens8,2p6,1A,5
2051,ens8,2p6,1AS,7
2051,ens8,8p5,1A,6
2051,ens8,8p5,1AS,8
2051,ens9,2p6,1A,5
2051,ens9,2p6,1AS,6
2051,ens9,8p5,1A,6
2051,ens9,8p5,1AS,8
2052,ens1,2p6,1A,4
2052,ens1,2p6,1AS,5
2052,ens1,8p5,1A,5
2052,ens1,8p5,1AS,7
2052,ens10,2p6,1A,4
2052,ens10,2p6,1AS,7
2052,ens10,8p5,1A,5
2052,ens10,8p5,1AS,7
2052,ens11,2p6,1A,5
2052,ens11,2p6,1AS,8
2052,ens11,8p5,1A,6
2052,ens11,8p5,1AS,9
2052,ens12,2p6,1A,5
2052,ens12,2p6,1AS,7
2052,ens12,8p5,1A,5
2052,ens12,8p5,1AS,8
2052,ens13,2p6,1A,2
2052,ens13,2p6,1AS,2
2052,ens13,8p5,1A,4
2052,ens13,8p5,1AS,6
2052,ens2,2p6,1A,3
2052,ens2,2p6,1AS,3
2052,ens2,8p5,1A,5
2052,ens2,8p5,1AS,6
2052,ens3,2p6,1A,4
2052,ens3,2p6,1AS,7
2052,ens3,8p5,1A,4
2052,ens3,8p5,1AS,4
2052,ens4,2p6,1A,4
2052,ens4,2p6,1AS,5
2052,ens4,8p5,1A,7
2052,ens4,8p5,1AS,8
2052,ens5,2p6,1A,6
2052,ens5,2p6,1AS,6
2052,ens5,8p5,1A,8
2052,ens5,8p5,1AS,11
2052,ens6,2p6,1A,5
2052,ens6,2p6,1AS,7
2052,ens6,8p5,1A,7
2052,ens6,8p5,1AS,9
2052,ens7,2p6,1A,4
2052,ens7,2p6,1AS,8
2052,ens7,8p5,1A,3
2052,ens7,8p5,1AS,5
2052,ens8,2p6,1A,5
2052,ens8,2p6,1AS,7
2052,ens8,8p5,1A,7
2052,ens8,8p5,1AS,8
2052,ens9,2p6,1A,5
2052,ens9,2p6,1AS,6
2052,ens9,8p5,1A,8
2052,ens9,8p5,1AS,9
2053,ens1,2p6,1A,4
2053,ens1,2p6,1AS,4
2053,ens1,8p5,1A,8
2053,ens1,8p5,1AS,9
2053,ens10,2p6,1A,4
2053,ens10,2p6,1AS,7
2053,ens10,8p5,1A,5
2053,ens10,8p5,1AS,8
2053,ens11,2p6,1A,5
2053,ens11,2p6,1AS,8
2053,ens11,8p5,1A,7
2053,ens11,8p5,1AS,10
2053,ens12,2p6,1A,5
2053,ens12,2p6,1AS,7
2053,ens12,8p5,1A,5
2053,ens12,8p5,1AS,7
2053,ens13,2p6,1A,2
2053,ens13,2p6,1AS,3
2053,ens13,8p5,1A,5
2053,ens13,8p5,1AS,6
2053,ens2,2p6,1A,3
2053,ens2,2p6,1AS,4
2053,ens2,8p5,1A,6
2053,ens2,8p5,1AS,9
2053,ens3,2p6,1A,5
2053,ens3,2p6,1AS,7
2053,ens3,8p5,1A,6
2053,ens3,8p5,1AS,6
2053,ens4,2p6,1A,3
2053,ens4,2p6,1AS,4
2053,ens4,8p5,1A,6
2053,ens4,8p5,1AS,10
2053,ens5,2p6,1A,6
2053,ens5,2p6,1AS,10
2053,ens5,8p5,1A,7
2053,ens5,8p5,1AS,8
2053,ens6,2p6,1A,6
2053,ens6,2p6,1AS,8
2053,ens6,8p5,1A,7
2053,ens6,8p5,1AS,11
2053,ens7,2p6,1A,4
2053,ens7,2p6,1AS,7
2053,ens7,8p5,1A,5
2053,ens7,8p5,1AS,6
2053,ens8,2p6,1A,3
2053,ens8,2p6,1AS,4
2053,ens8,8p5,1A,7
2053,ens8,8p5,1AS,8
2053,ens9,2p6,1A,6
2053,ens9,2p6,1AS,6
2053,ens9,8p5,1A,8
2053,ens9,8p5,1AS,10
2054,ens1,2p6,1A,5
2054,ens1,2p6,1AS,5
2054,ens1,8p5,1A,8
2054,ens1,8p5,1AS,9
2054,ens10,2p6,1A,5
2054,ens10,2p6,1AS,6
2054,ens10,8p5,1A,5
2054,ens10,8p5,1AS,9
2054,ens11,2p6,1A,6
2054,ens11,2p6,1AS,8
2054,ens11,8p5,1A,8
2054,ens11,8p5,1AS,9
2054,ens12,2p6,1A,5
2054,ens12,2p6,1AS,6
2054,ens12,8p5,1A,5
2054,ens12,8p5,1AS,6
2054,ens13,2p6,1A,4
2054,ens13,2p6,1AS,4
2054,ens13,8p5,1A,4
2054,ens13,8p5,1AS,5
2054,ens2,2p6,1A,2
2054,ens2,2p6,1AS,3
2054,ens2,8p5,1A,4
2054,ens2,8p5,1AS,6
2054,ens3,2p6,1A,4
2054,ens3,2p6,1AS,6
2054,ens3,8p5,1A,5
2054,ens3,8p5,1AS,6
2054,ens4,2p6,1A,4
2054,ens4,2p6,1AS,6
2054,ens4,8p5,1A,6
2054,ens4,8p5,1AS,7
2054,ens5,2p6,1A,6
2054,ens5,2p6,1AS,8
2054,ens5,8p5,1A,6
2054,ens5,8p5,1AS,8
2054,ens6,2p6,1A,6
2054,ens6,2p6,1AS,7
2054,ens6,8p5,1A,7
2054,ens6,8p5,1AS,9
2054,ens7,2p6,1A,5
2054,ens7,2p6,1AS,8
2054,ens7,8p5,1A,7
2054,ens7,8p5,1AS,10
2054,ens8,2p6,1A,2
2054,ens8,2p6,1AS,3
2054,ens8,8p5,1A,6
2054,ens8,8p5,1AS,9
2054,ens9,2p6,1A,5
2054,ens9,2p6,1AS,7
2054,ens9,8p5,1A,5
2054,ens9,8p5,1AS,6
2055,ens1,2p6,1A,4
2055,ens1,2p6,1AS,5
2055,ens1,8p5,1A,6
2055,ens1,8p5,1AS,10
2055,ens10,2p6,1A,5
2055,ens10,2p6,1AS,8
2055,ens10,8p5,1A,6
2055,ens10,8p5,1AS,9
2055,ens11,2p6,1A,6
2055,ens11,2p6,1AS,9
2055,ens11,8p5,1A,7
2055,ens11,8p5,1AS,8
2055,ens12,2p6,1A,5
2055,ens12,2p6,1AS,7
2055,ens12,8p5,1A,6
2055,ens12,8p5,1AS,8
2055,ens13,2p6,1A,4
2055,ens13,2p6,1AS,6
2055,ens13,8p5,1A,4
2055,ens13,8p5,1AS,6
2055,ens2,2p6,1A,3
2055,ens2,2p6,1AS,3
2055,ens2,8p5,1A,5
2055,ens2,8p5,1AS,5
2055,ens3,2p6,1A,3
2055,ens3,2p6,1AS,6
2055,ens3,8p5,1A,5
2055,ens3,8p5,1AS,6
2055,ens4,2p6,1A,4
2055,ens4,2p6,1AS,5
2055,ens4,8p5,1A,6
2055,ens4,8p5,1AS,8
2055,ens5,2p6,1A,6
2055,ens5,2p6,1AS,6
2055,ens5,8p5,1A,5
2055,ens5,8p5,1AS,8
2055,ens6,2p6,1A,5
2055,ens6,2p6,1AS,6
2055,ens6,8p5,1A,6
2055,ens6,8p5,1AS,8
2055,ens7,2p6,1A,6
2055,ens7,2p6,1AS,8
2055,ens7,8p5,1A,8
2055,ens7,8p5,1AS,9
2055,ens8,2p6,1A,5
2055,ens8,2p6,1AS,5
2055,ens8,8p5,1A,7
2055,ens8,8p5,1AS,9
2055,ens9,2p6,1A,6
2055,ens9,2p6,1AS,6
2055,ens9,8p5,1A,6
2055,ens9,8p5,1AS,7
2056,ens1,2p6,1A,5
2056,ens1,2p6,1AS,6
2056,ens1,8p5,1A,7
2056,ens1,8p5,1AS,8
2056,ens10,2p6,1A,5
2056,ens10,2p6,1AS,7
2056,ens10,8p5,1A,6
2056,ens10,8p5,1AS,9
2056,ens11,2p6,1A,5
2056,ens11,2p6,1AS,7
2056,ens11,8p5,1A,7
2056,ens11,8p5,1AS,10
2056,ens12,2p6,1A,5
2056,ens12,2p6,1AS,9
2056,ens12,8p5,1A,6
2056,ens12,8p5,1AS,9
2056,ens13,2p6,1A,2
2056,ens13,2p6,1AS,3
2056,ens13,8p5,1A,4
2056,ens13,8p5,1AS,6
2056,ens2,2p6,1A,3
2056,ens2,2p6,1AS,4
2056,ens2,8p5,1A,6
2056,ens2,8p5,1AS,9
2056,ens3,2p6,1A,5
2056,ens3,2p6,1AS,9
2056,ens3,8p5,1A,6
2056,ens3,8p5,1AS,8
2056,ens4,2p6,1A,4
2056,ens4,2p6,1AS,5
2056,ens4,8p5,1A,5
2056,ens4,8p5,1AS,5
2056,ens5,2p6,1A,5
2056,ens5,2p6,1AS,7
2056,ens5,8p5,1A,8
2056,ens5,8p5,1AS,9
2056,ens6,2p6,1A,6
2056,ens6,2p6,1AS,7
2056,ens6,8p5,1A,5
2056,ens6,8p5,1AS,6
2056,ens7,2p6,1A,5
2056,ens7,2p6,1AS,7
2056,ens7,8p5,1A,7
2056,ens7,8p5,1AS,9
2056,ens8,2p6,1A,5
2056,ens8,2p6,1AS,5
2056,ens8,8p5,1A,5
2056,ens8,8p5,1AS,7
2056,ens9,2p6,1A,6
2056,ens9,2p6,1AS,7
2056,ens9,8p5,1A,5
2056,ens9,8p5,1AS,7
2057,ens1,2p6,1A,3
2057,ens1,2p6,1AS,3
2057,ens1,8p5,1A,7
2057,ens1,8p5,1AS,10
2057,ens10,2p6,1A,5
2057,ens10,2p6,1AS,7
2057,ens10,8p5,1A,7
2057,ens10,8p5,1AS,9
2057,ens11,2p6,1A,6
2057,ens11,2p6,1AS,9
2057,ens11,8p5,1A,7
2057,ens11,8p5,1AS,8
2057,ens12,2p6,1A,5
2057,ens12,2p6,1AS,7
2057,ens12,8p5,1A,5
2057,ens12,8p5,1AS,7
2057,ens13,2p6,1A,4
2057,ens13,2p6,1AS,4
2057,ens13,8p5,1A,5
2057,ens13,8p5,1AS,6
2057,ens2,2p6,1A,4
2057,ens2,2p6,1AS,5
2057,ens2,8p5,1A,5
2057,ens2,8p5,1AS,7
2057,ens3,2p6,1A,6
2057,ens3,2p6,1AS,8
2057,ens3,8p5,1A,6
2057,ens3,8p5,1AS,6
2057,ens4,2p6,1A,6
2057,ens4,2p6,1AS,8
2057,ens4,8p5,1A,5
2057,ens4,8p5,1AS,7
2057,ens5,2p6,1A,5
2057,ens5,2p6,1AS,6
2057,ens5,8p5,1A,6
2057,ens5,8p5,1AS,7
2057,ens6,2p6,1A,5
2057,ens6,2p6,1AS,6
2057,ens6,8p5,1A,5
2057,ens6,8p5,1AS,6
2057,ens7,2p6,1A,6
2057,ens7,2p6,1AS,8
2057,ens7,8p5,1A,4
2057,ens7,8p5,1AS,7
2057,ens8,2p6,1A,5
2057,ens8,2p6,1AS,7
2057,ens8,8p5,1A,5
2057,ens8,8p5,1AS,7
2057,ens9,2p6,1A,6
2057,ens9,2p6,1AS,8
2057,ens9,8p5,1A,6
2057,ens9,8p5,1AS,10
2058,ens1,2p6,1A,4
2058,ens1,2p6,1AS,5
2058,ens1,8p5,1A,6
2058,ens1,8p5,1AS,8
2058,ens10,2p6,1A,4
2058,ens10,2p6,1AS,7
2058,ens10,8p5,1A,8
2058,ens10,8p5,1AS,10
2058,ens11,2p6,1A,5
2058,ens11,2p6,1AS,7
2058,ens11,8p5,1A,6
2058,ens11,8p5,1AS,9
2058,ens12,2p6,1A,5
2058,ens12,2p6,1AS,8
2058,ens12,8p5,1A,5
2058,ens12,8p5,1AS,6
2058,ens13,2p6,1A,3
2058,ens13,2p6,1AS,3
2058,ens13,8p5,1A,5
2058,ens13,8p5,1AS,8
2058,ens2,2p6,1A,4
2058,ens2,2p6,1AS,5
2058,ens2,8p5,1A,6
2058,ens2,8p5,1AS,8
2058,ens3,2p6,1A,5
2058,ens3,2p6,1AS,6
2058,ens3,8p5,1A,6
2058,ens3,8p5,1AS,6
2058,ens4,2p6,1A,5
2058,ens4,2p6,1AS,7
2058,ens4,8p5,1A,5
2058,ens4,8p5,1AS,6
2058,ens5,2p6,1A,4
2058,ens5,2p6,1AS,6
2058,ens5,8p5,1A,7
2058,ens5,8p5,1AS,9
2058,ens6,2p6,1A,5
2058,ens6,2p6,1AS,6
2058,ens6,8p5,1A,5
2058,ens6,8p5,1AS,6
2058,ens7,2p6,1A,4
2058,ens7,2p6,1AS,8
2058,ens7,8p5,1A,6
2058,ens7,8p5,1AS,8
2058,ens8,2p6,1A,4
2058,ens8,2p6,1AS,6
2058,ens8,8p5,1A,7
2058,ens8,8p5,1AS,9
2058,ens9,2p6,1A,5
2058,ens9,2p6,1AS,7
2058,ens9,8p5,1A,7
2058,ens9,8p5,1AS,11
2059,ens1,2p6,1A,4
2059,ens1,2p6,1AS,5
2059,ens1,8p5,1A,6
2059,ens1,8p5,1AS,9
2059,ens10,2p6,1A,5
2059,ens10,2p6,1AS,5
2059,ens10,8p5,1A,6
2059,ens10,8p5,1AS,9
2059,ens11,2p6,1A,6
2059,ens11,2p6,1AS,10
2059,ens11,8p5,1A,5
2059,ens11,8p5,1AS,8
2059,ens12,2p6,1A,5
2059,ens12,2p6,1AS,8
2059,ens12,8p5,1A,6
2059,ens12,8p5,1AS,10
2059,ens13,2p6,1A,4
2059,ens13,2p6,1AS,4
2059,ens13,8p5,1A,6
2059,ens13,8p5,1AS,9
2059,ens2,2p6,1A,4
2059,ens2,2p6,1AS,5
2059,ens2,8p5,1A,7
2059,ens2,8p5,1AS,8
2059,ens3,2p6,1A,4
2059,ens3,2p6,1AS,4
2059,ens3,8p5,1A,5
2059,ens3,8p5,1AS,5
2059,ens4,2p6,1A,5
2059,ens4,2p6,1AS,6
2059,ens4,8p5,1A,6
2059,ens4,8p5,1AS,8
2059,ens5,2p6,1A,3
2059,ens5,2p6,1AS,5
2059,ens5,8p5,1A,5
2059,ens5,8p5,1AS,7
2059,ens6,2p6,1A,5
2059,ens6,2p6,1AS,7
2059,ens6,8p5,1A,5
2059,ens6,8p5,1AS,7
2059,ens7,2p6,1A,5
2059,ens7,2p6,1AS,6
2059,ens7,8p5,1A,5
2059,ens7,8p5,1AS,6
2059,ens8,2p6,1A,5
2059,ens8,2p6,1AS,6
2059,ens8,8p5,1A,7
2059,ens8,8p5,1AS,8
2059,ens9,2p6,1A,6
2059,ens9,2p6,1AS,7
2059,ens9,8p5,1A,8
2059,ens9,8p5,1AS,9
2060,ens1,2p6,1A,4
2060,ens1,2p6,1AS,5
2060,ens1,8p5,1A,8
2060,ens1,8p5,1AS,9
2060,ens10,2p6,1A,5
2060,ens10,2p6,1AS,7
2060,ens10,8p5,1A,7
2060,ens10,8p5,1AS,8
2060,ens11,2p6,1A,6
2060,ens11,2p6,1AS,8
2060,ens11,8p5,1A,6
2060,ens11,8p5,1AS,8
2060,ens12,2p6,1A,5
2060,ens12,2p6,1AS,7
2060,ens12,8p5,1A,5
2060,ens12,8p5,1AS,9
2060,ens13,2p6,1A,4
2060,ens13,2p6,1AS,5
2060,ens13,8p5,1A,6
2060,ens13,8p5,1AS,7
2060,ens2,2p6,1A,4
2060,ens2,2p6,1AS,4
2060,ens2,8p5,1A,5
2060,ens2,8p5,1AS,7
2060,ens3,2p6,1A,4
2060,ens3,2p6,1AS,7
2060,ens3,8p5,1A,6
2060,ens3,8p5,1AS,6
2060,ens4,2p6,1A,4
2060,ens4,2p6,1AS,5
2060,ens4,8p5,1A,6
2060,ens4,8p5,1AS,7
2060,ens5,2p6,1A,6
2060,ens5,2p6,1AS,6
2060,ens5,8p5,1A,6
2060,ens5,8p5,1AS,7
2060,ens6,2p6,1A,6
2060,ens6,2p6,1AS,7
2060,ens6,8p5,1A,3
2060,ens6,8p5,1AS,5
2060,ens7,2p6,1A,6
2060,ens7,2p6,1AS,6
2060,ens7,8p5,1A,6
2060,ens7,8p5,1AS,8
2060,ens8,2p6,1A,5
2060,ens8,2p6,1AS,6
2060,ens8,8p5,1A,6
2060,ens8,8p5,1AS,9
2060,ens9,2p6,1A,5
2060,ens9,2p6,1AS,6
2060,ens9,8p5,1A,6
2060,ens9,8p5,1AS,11
2061,ens1,2p6,1A,4
2061,ens1,2p6,1AS,4
2061,ens1,8p5,1A,7
2061,ens1,8p5,1AS,9
2061,ens10,2p6,1A,5
2061,ens10,2p6,1AS,8
2061,ens10,8p5,1A,5
2061,ens10,8p5,1AS,8
2061,ens11,2p6,1A,6
2061,ens11,2p6,1AS,9
2061,ens11,8p5,1A,8
2061,ens11,8p5,1AS,11
2061,ens12,2p6,1A,4
2061,ens12,2p6,1AS,5
2061,ens12,8p5,1A,5
2061,ens12,8p5,1AS,7
2061,ens13,2p6,1A,4
2061,ens13,2p6,1AS,4
2061,ens13,8p5,1A,6
2061,ens13,8p5,1AS,7
2061,ens2,2p6,1A,3
2061,ens2,2p6,1AS,5
2061,ens2,8p5,1A,4
2061,ens2,8p5,1AS,6
2061,ens3,2p6,1A,3
2061,ens3,2p6,1AS,7
2061,ens3,8p5,1A,5
2061,ens3,8p5,1AS,7
2061,ens4,2p6,1A,4
2061,ens4,2p6,1AS,6
2061,ens4,8p5,1A,6
2061,ens4,8p5,1AS,8
2061,ens5,2p6,1A,6
2061,ens5,2p6,1AS,9
2061,ens5,8p5,1A,8
2061,ens5,8p5,1AS,8
2061,ens6,2p6,1A,5
2061,ens6,2p6,1AS,5
2061,ens6,8p5,1A,4
2061,ens6,8p5,1AS,6
2061,ens7,2p6,1A,5
2061,ens7,2p6,1AS,7
2061,ens7,8p5,1A,5
2061,ens7,8p5,1AS,7
2061,ens8,2p6,1A,5
2061,ens8,2p6,1AS,6
2061,ens8,8p5,1A,6
2061,ens8,8p5,1AS,8
2061,ens9,2p6,1A,5
2061,ens9,2p6,1AS,7
2061,ens9,8p5,1A,8
2061,ens9,8p5,1AS,10
2062,ens1,2p6,1A,3
2062,ens1,2p6,1AS,4
2062,ens1,8p5,1A,7
2062,ens1,8p5,1AS,8
2062,ens10,2p6,1A,5
2062,ens10,2p6,1AS,9
2062,ens10,8p5,1A,5
2062,ens10,8p5,1AS,10
2062,ens11,2p6,1A,6
2062,ens11,2p6,1AS,9
2062,ens11,8p5,1A,7
2062,ens11,8p5,1AS,9
2062,ens12,2p6,1A,5
2062,ens12,2p6,1AS,7
2062,ens12,8p5,1A,6
2062,ens12,8p5,1AS,7
2062,ens13,2p6,1A,4
2062,ens13,2p6,1AS,5
2062,ens13,8p5,1A,6
2062,ens13,8p5,1AS,8
2062,ens2,2p6,1A,5
2062,ens2,2p6,1AS,5
2062,ens2,8p5,1A,6
2062,ens2,8p5,1AS,6
2062,ens3,2p6,1A,4
2062,ens3,2p6,1AS,6
2062,ens3,8p5,1A,6
2062,ens3,8p5,1AS,7
2062,ens4,2p6,1A,2
2062,ens4,2p6,1AS,3
2062,ens4,8p5,1A,7
2062,ens4,8p5,1AS,7
2062,ens5,2p6,1A,6
2062,ens5,2p6,1AS,7
2062,ens5,8p5,1A,7
2062,ens5,8p5,1AS,8
2062,ens6,2p6,1A,5
2062,ens6,2p6,1AS,7
2062,ens6,8p5,1A,6
2062,ens6,8p5,1AS,7
2062,ens7,2p6,1A,5
2062,ens7,2p6,1AS,7
2062,ens7,8p5,1A,6
2062,ens7,8p5,1AS,10
2062,ens8,2p6,1A,4
2062,ens8,2p6,1AS,7
2062,ens8,8p5,1A,8
2062,ens8,8p5,1AS,9
2062,ens9,2p6,1A,5
2062,ens9,2p6,1AS,7
2062,ens9,8p5,1A,9
2062,ens9,8p5,1AS,10
2063,ens1,2p6,1A,3
2063,ens1,2p6,1AS,4
2063,ens1,8p5,1A,6
2063,ens1,8p5,1AS,8
2063,ens10,2p6,1A,5
2063,ens10,2p6,1AS,6
2063,ens10,8p5,1A,5
2063,ens10,8p5,1AS,10
2063,ens11,2p6,1A,6
2063,ens11,2p6,1AS,10
2063,ens11,8p5,1A,6
2063,ens11,8p5,1AS,8
2063,ens12,2p6,1A,4
2063,ens12,2p6,1AS,7
2063,ens12,8p5,1A,5
2063,ens12,8p5,1AS,7
2063,ens13,2p6,1A,2
2063,ens13,2p6,1AS,3
2063,ens13,8p5,1A,6
2063,ens13,8p5,1AS,8
2063,ens2,2p6,1A,2
2063,ens2,2p6,1AS,4
2063,ens2,8p5,1A,5
2063,ens2,8p5,1AS,7
2063,ens3,2p6,1A,5
2063,ens3,2p6,1AS,7
2063,ens3,8p5,1A,6
2063,ens3,8p5,1AS,6
2063,ens4,2p6,1A,3
2063,ens4,2p6,1AS,5
2063,ens4,8p5,1A,8
2063,ens4,8p5,1AS,9
2063,ens5,2p6,1A,6
2063,ens5,2p6,1AS,7
2063,ens5,8p5,1A,6
2063,ens5,8p5,1AS,8
2063,ens6,2p6,1A,5
2063,ens6,2p6,1AS,7
2063,ens6,8p5,1A,6
2063,ens6,8p5,1AS,7
2063,ens7,2p6,1A,4
2063,ens7,2p6,1AS,5
2063,ens7,8p5,1A,6
2063,ens7,8p5,1AS,10
2063,ens8,2p6,1A,5
2063,ens8,2p6,1AS,7
2063,ens8,8p5,1A,8
2063,ens8,8p5,1AS,9
2063,ens9,2p6,1A,6
2063,ens9,2p6,1AS,7
2063,ens9,8p5,1A,11
2063,ens9,8p5,1AS,12
2064,ens1,2p6,1A,4
2064,ens1,2p6,1AS,6
2064,ens1,8p5,1A,7
2064,ens1,8p5,1AS,8
2064,ens10,2p6,1A,5
2064,ens10,2p6,1AS,7
2064,ens10,8p5,1A,6
2064,ens10,8p5,1AS,10
2064,ens11,2p6,1A,6
2064,ens11,2p6,1AS,8
2064,ens11,8p5,1A,7
2064,ens11,8p5,1AS,11
2064,ens12,2p6,1A,5
2064,ens12,2p6,1AS,7
2064,ens12,8p5,1A,5
2064,ens12,8p5,1AS,8
2064,ens13,2p6,1A,4
2064,ens13,2p6,1AS,4
2064,ens13,8p5,1A,4
2064,ens13,8p5,1AS,6
2064,ens2,2p6,1A,4
2064,ens2,2p6,1AS,4
2064,ens2,8p5,1A,5
2064,ens2,8p5,1AS,7
2064,ens3,2p6,1A,4
2064,ens3,2p6,1AS,8
2064,ens3,8p5,1A,7
2064,ens3,8p5,1AS,7
2064,ens4,2p6,1A,4
2064,ens4,2p6,1AS,6
2064,ens4,8p5,1A,7
2064,ens4,8p5,1AS,11
2064,ens5,2p6,1A,6
2064,ens5,2p6,1AS,8
2064,ens5,8p5,1A,6
2064,ens5,8p5,1AS,6
2064,ens6,2p6,1A,6
2064,ens6,2p6,1AS,7
2064,ens6,8p5,1A,7
2064,ens6,8p5,1AS,9
2064,ens7,2p6,1A,7
2064,ens7,2p6,1AS,9
2064,ens7,8p5,1A,6
2064,ens7,8p5,1AS,7
2064,ens8,2p6,1A,4
2064,ens8,2p6,1AS,7
2064,ens8,8p5,1A,7
2064,ens8,8p5,1AS,9
2064,ens9,2p6,1A,6
2064,ens9,2p6,1AS,7
2064,ens9,8p5,1A,8
2064,ens9,8p5,1AS,10
2065,ens1,2p6,1A,7
2065,ens1,2p6,1AS,9
2065,ens1,8p5,1A,6
2065,ens1,8p5,1AS,7
2065,ens10,2p6,1A,5
2065,ens10,2p6,1AS,8
2065,ens10,8p5,1A,5
2065,ens10,8p5,1AS,11
2065,ens11,2p6,1A,6
2065,ens11,2p6,1AS,8
2065,ens11,8p5,1A,8
2065,ens11,8p5,1AS,11
2065,ens12,2p6,1A,5
2065,ens12,2p6,1AS,6
2065,ens12,8p5,1A,7
2065,ens12,8p5,1AS,9
2065,ens13,2p6,1A,4
2065,ens13,2p6,1AS,6
2065,ens13,8p5,1A,4
2065,ens13,8p5,1AS,5
2065,ens2,2p6,1A,3
2065,ens2,2p6,1AS,4
2065,ens2,8p5,1A,6
2065,ens2,8p5,1AS,8
2065,ens3,2p6,1A,4
2065,ens3,2p6,1AS,6
2065,ens3,8p5,1A,7
2065,ens3,8p5,1AS,9
2065,ens4,2p6,1A,4
2065,ens4,2p6,1AS,7
2065,ens4,8p5,1A,8
2065,ens4,8p5,1AS,11
2065,ens5,2p6,1A,5
2065,ens5,2p6,1AS,6
2065,ens5,8p5,1A,8
2065,ens5,8p5,1AS,8
2065,ens6,2p6,1A,6
2065,ens6,2p6,1AS,7
2065,ens6,8p5,1A,7
2065,ens6,8p5,1AS,9
2065,ens7,2p6,1A,4
2065,ens7,2p6,1AS,9
2065,ens7,8p5,1A,7
2065,ens7,8p5,1AS,10
2065,ens8,2p6,1A,4
2065,ens8,2p6,1AS,5
2065,ens8,8p5,1A,7
2065,ens8,8p5,1AS,8
2065,ens9,2p6,1A,6
2065,ens9,2p6,1AS,7
2065,ens9,8p5,1A,8
2065,ens9,8p5,1AS,9
2066,ens1,2p6,1A,5
2066,ens1,2p6,1AS,8
2066,ens1,8p5,1A,6
2066,ens1,8p5,1AS,7
2066,ens10,2p6,1A,5
2066,ens10,2p6,1AS,6
2066,ens10,8p5,1A,5
2066,ens10,8p5,1AS,7
2066,ens11,2p6,1A,6
2066,ens11,2p6,1AS,8
2066,ens11,8p5,1A,7
2066,ens11,8p5,1AS,11
2066,ens12,2p6,1A,5
2066,ens12,2p6,1AS,7
2066,ens12,8p5,1A,7
2066,ens12,8p5,1AS,9
2066,ens13,2p6,1A,4
2066,ens13,2p6,1AS,5
2066,ens13,8p5,1A,6
2066,ens13,8p5,1AS,7
2066,ens2,2p6,1A,2
2066,ens2,2p6,1AS,2
2066,ens2,8p5,1A,8
2066,ens2,8p5,1AS,9
2066,ens3,2p6,1A,4
2066,ens3,2p6,1AS,8
2066,ens3,8p5,1A,6
2066,ens3,8p5,1AS,6
2066,ens4,2p6,1A,4
2066,ens4,2p6,1AS,7
2066,ens4,8p5,1A,8
2066,ens4,8p5,1AS,8
2066,ens5,2p6,1A,4
2066,ens5,2p6,1AS,6
2066,ens5,8p5,1A,6
2066,ens5,8p5,1AS,8
2066,ens6,2p6,1A,5
2066,ens6,2p6,1AS,6
2066,ens6,8p5,1A,11
2066,ens6,8p5,1AS,12
2066,ens7,2p6,1A,5
2066,ens7,2p6,1AS,7
2066,ens7,8p5,1A,6
2066,ens7,8p5,1AS,8
2066,ens8,2p6,1A,5
2066,ens8,2p6,1AS,6
2066,ens8,8p5,1A,8
2066,ens8,8p5,1AS,9
2066,ens9,2p6,1A,8
2066,ens9,2p6,1AS,11
2066,ens9,8p5,1A,8
2066,ens9,8p5,1AS,9
2067,ens1,2p6,1A,5
2067,ens1,2p6,1AS,5
2067,ens1,8p5,1A,7
2067,ens1,8p5,1AS,8
2067,ens10,2p6,1A,5
2067,ens10,2p6,1AS,6
2067,ens10,8p5,1A,6
2067,ens10,8p5,1AS,8
2067,ens11,2p6,1A,6
2067,ens11,2p6,1AS,11
2067,ens11,8p5,1A,8
2067,ens11,8p5,1AS,11
2067,ens12,2p6,1A,5
2067,ens12,2p6,1AS,9
2067,ens12,8p5,1A,8
2067,ens12,8p5,1AS,12
2067,ens13,2p6,1A,4
2067,ens13,2p6,1AS,4
2067,ens13,8p5,1A,5
2067,ens13,8p5,1AS,8
2067,ens2,2p6,1A,5
2067,ens2,2p6,1AS,5
2067,ens2,8p5,1A,6
2067,ens2,8p5,1AS,10
2067,ens3,2p6,1A,4
2067,ens3,2p6,1AS,7
2067,ens3,8p5,1A,5
2067,ens3,8p5,1AS,7
2067,ens4,2p6,1A,5
2067,ens4,2p6,1AS,8
2067,ens4,8p5,1A,8
2067,ens4,8p5,1AS,11
2067,ens5,2p6,1A,7
2067,ens5,2p6,1AS,12
2067,ens5,8p5,1A,8
2067,ens5,8p5,1AS,8
2067,ens6,2p6,1A,6
2067,ens6,2p6,1AS,9
2067,ens6,8p5,1A,7
2067,ens6,8p5,1AS,7
2067,ens7,2p6,1A,3
2067,ens7,2p6,1AS,6
2067,ens7,8p5,1A,8
2067,ens7,8p5,1AS,11
2067,ens8,2p6,1A,6
2067,ens8,2p6,1AS,8
2067,ens8,8p5,1A,6
2067,ens8,8p5,1AS,9
2067,ens9,2p6,1A,7
2067,ens9,2p6,1AS,7
2067,ens9,8p5,1A,10
2067,ens9,8p5,1AS,12
2068,ens1,2p6,1A,7
2068,ens1,2p6,1AS,8
2068,ens1,8p5,1A,7
2068,ens1,8p5,1AS,8
2068,ens10,2p6,1A,5
2068,ens10,2p6,1AS,7
2068,ens10,8p5,1A,6
2068,ens10,8p5,1AS,9
2068,ens11,2p6,1A,6
2068,ens11,2p6,1AS,11
2068,ens11,8p5,1A,8
2068,ens11,8p5,1AS,10
2068,ens12,2p6,1A,5
2068,ens12,2p6,1AS,7
2068,ens12,8p5,1A,7
2068,ens12,8p5,1AS,9
2068,ens13,2p6,1A,4
2068,ens13,2p6,1AS,5
2068,ens13,8p5,1A,6
2068,ens13,8p5,1AS,8
2068,ens2,2p6,1A,5
2068,ens2,2p6,1AS,5
2068,ens2,8p5,1A,7
2068,ens2,8p5,1AS,11
2068,ens3,2p6,1A,5
2068,ens3,2p6,1AS,6
2068,ens3,8p5,1A,6
2068,ens3,8p5,1AS,6
2068,ens4,2p6,1A,4
2068,ens4,2p6,1AS,5
2068,ens4,8p5,1A,7
2068,ens4,8p5,1AS,9
2068,ens5,2p6,1A,7
2068,ens5,2p6,1AS,10
2068,ens5,8p5,1A,10
2068,ens5,8p5,1AS,11
2068,ens6,2p6,1A,6
2068,ens6,2p6,1AS,8
2068,ens6,8p5,1A,7
2068,ens6,8p5,1AS,8
2068,ens7,2p6,1A,5
2068,ens7,2p6,1AS,6
2068,ens7,8p5,1A,9
2068,ens7,8p5,1AS,10
2068,ens8,2p6,1A,7
2068,ens8,2p6,1AS,8
2068,ens8,8p5,1A,8
2068,ens8,8p5,1AS,9
2068,ens9,2p6,1A,5
2068,ens9,2p6,1AS,6
2068,ens9,8p5,1A,8
2068,ens9,8p5,1AS,9
2069,ens1,2p6,1A,4
2069,ens1,2p6,1AS,10
2069,ens1,8p5,1A,7
2069,ens1,8p5,1AS,9
2069,ens10,2p6,1A,5
2069,ens10,2p6,1AS,7
2069,ens10,8p5,1A,6
2069,ens10,8p5,1AS,10
2069,ens11,2p6,1A,7
2069,ens11,2p6,1AS,10
2069,ens11,8p5,1A,7
2069,ens11,8p5,1AS,11
2069,ens12,2p6,1A,5
2069,ens12,2p6,1AS,7
2069,ens12,8p5,1A,7
2069,ens12,8p5,1AS,12
2069,ens13,2p6,1A,2
2069,ens13,2p6,1AS,2
2069,ens13,8p5,1A,4
2069,ens13,8p5,1AS,7
2069,ens2,2p6,1A,4
2069,ens2,2p6,1AS,5
2069,ens2,8p5,1A,8
2069,ens2,8p5,1AS,9
2069,ens3,2p6,1A,5
2069,ens3,2p6,1AS,7
2069,ens3,8p5,1A,6
2069,ens3,8p5,1AS,7
2069,ens4,2p6,1A,4
2069,ens4,2p6,1AS,8
2069,ens4,8p5,1A,7
2069,ens4,8p5,1AS,10
2069,ens5,2p6,1A,6
2069,ens5,2p6,1AS,6
2069,ens5,8p5,1A,8
2069,ens5,8p5,1AS,8
2069,ens6,2p6,1A,5
2069,ens6,2p6,1AS,7
2069,ens6,8p5,1A,9
2069,ens6,8p5,1AS,12
2069,ens7,2p6,1A,5
2069,ens7,2p6,1AS,6
2069,ens7,8p5,1A,9
2069,ens7,8p5,1AS,11
2069,ens8,2p6,1A,5
2069,ens8,2p6,1AS,7
2069,ens8,8p5,1A,6
2069,ens8,8p5,1AS,9
2069,ens9,2p6,1A,6
2069,ens9,2p6,1AS,6
2069,ens9,8p5,1A,10
2069,ens9,8p5,1AS,12
2070,ens1,2p6,1A,4
2070,ens1,2p6,1AS,7
2070,ens1,8p5,1A,9
2070,ens1,8p5,1AS,10
2070,ens10,2p6,1A,5
2070,ens10,2p6,1AS,7
2070,ens10,8p5,1A,6
2070,ens10,8p5,1AS,9
2070,ens11,2p6,1A,7
2070,ens11,2p6,1AS,11
2070,ens11,8p5,1A,6
2070,ens11,8p5,1AS,10
2070,ens12,2p6,1A,5
2070,ens12,2p6,1AS,7
2070,ens12,8p5,1A,7
2070,ens12,8p5,1AS,11
2070,ens13,2p6,1A,4
2070,ens13,2p6,1AS,4
2070,ens13,8p5,1A,5
2070,ens13,8p5,1AS,6
2070,ens2,2p6,1A,5
2070,ens2,2p6,1AS,5
2070,ens2,8p5,1A,8
2070,ens2,8p5,1AS,9
2070,ens3,2p6,1A,7
2070,ens3,2p6,1AS,9
2070,ens3,8p5,1A,7
2070,ens3,8p5,1AS,7
2070,ens4,2p6,1A,4
2070,ens4,2p6,1AS,6
2070,ens4,8p5,1A,8
2070,ens4,8p5,1AS,9
2070,ens5,2p6,1A,5
2070,ens5,2p6,1AS,8
2070,ens5,8p5,1A,9
2070,ens5,8p5,1AS,9
2070,ens6,2p6,1A,5
2070,ens6,2p6,1AS,7
2070,ens6,8p5,1A,8
2070,ens6,8p5,1AS,9
2070,ens7,2p6,1A,3
2070,ens7,2p6,1AS,5
2070,ens7,8p5,1A,6
2070,ens7,8p5,1AS,8
2070,ens8,2p6,1A,5
2070,ens8,2p6,1AS,7
2070,ens8,8p5,1A,8
2070,ens8,8p5,1AS,9
2070,ens9,2p6,1A,6
2070,ens9,2p6,1AS,7
2070,ens9,8p5,1A,7
2070,ens9,8p5,1AS,10
2071,ens1,2p6,1A,4
2071,ens1,2p6,1AS,7
2071,ens1,8p5,1A,9
2071,ens1,8p5,1AS,11
2071,ens10,2p6,1A,5
2071,ens10,2p6,1AS,8
2071,ens10,8p5,1A,8
2071,ens10,8p5,1AS,12
2071,ens11,2p6,1A,6
2071,ens11,2p6,1AS,9
2071,ens11,8p5,1A,7
2071,ens11,8p5,1AS,11
2071,ens12,2p6,1A,4
2071,ens12,2p6,1AS,6
2071,ens12,8p5,1A,7
2071,ens12,8p5,1AS,12
2071,ens13,2p6,1A,4
2071,ens13,2p6,1AS,5
2071,ens13,8p5,1A,6
2071,ens13,8p5,1AS,9
2071,ens2,2p6,1A,4
2071,ens2,2p6,1AS,8
2071,ens2,8p5,1A,7
2071,ens2,8p5,1AS,9
2071,ens3,2p6,1A,5
2071,ens3,2p6,1AS,7
2071,ens3,8p5,1A,5
2071,ens3,8p5,1AS,6
2071,ens4,2p6,1A,4
2071,ens4,2p6,1AS,8
2071,ens4,8p5,1A,10
2071,ens4,8p5,1AS,12
2071,ens5,2p6,1A,6
2071,ens5,2p6,1AS,6
2071,ens5,8p5,1A,8
2071,ens5,8p5,1AS,8
2071,ens6,2p6,1A,5
2071,ens6,2p6,1AS,6
2071,ens6,8p5,1A,7
2071,ens6,8p5,1AS,8
2071,ens7,2p6,1A,2
2071,ens7,2p6,1AS,3
2071,ens7,8p5,1A,8
2071,ens7,8p5,1AS,12
2071,ens8,2p6,1A,5
2071,ens8,2p6,1AS,6
2071,ens8,8p5,1A,8
2071,ens8,8p5,1AS,9
2071,ens9,2p6,1A,7
2071,ens9,2p6,1AS,7
2071,ens9,8p5,1A,8
2071,ens9,8p5,1AS,9
2072,ens1,2p6,1A,5
2072,ens1,2p6,1AS,6
2072,ens1,8p5,1A,8
2072,ens1,8p5,1AS,11
2072,ens10,2p6,1A,6
2072,ens10,2p6,1AS,9
2072,ens10,8p5,1A,6
2072,ens10,8p5,1AS,10
2072,ens11,2p6,1A,6
2072,ens11,2p6,1AS,9
2072,ens11,8p5,1A,9
2072,ens11,8p5,1AS,11
2072,ens12,2p6,1A,4
2072,ens12,2p6,1AS,7
2072,ens12,8p5,1A,8
2072,ens12,8p5,1AS,12
2072,ens13,2p6,1A,2
2072,ens13,2p6,1AS,2
2072,ens13,8p5,1A,6
2072,ens13,8p5,1AS,7
2072,ens2,2p6,1A,4
2072,ens2,2p6,1AS,4
2072,ens2,8p5,1A,8
2072,ens2,8p5,1AS,12
2072,ens3,2p6,1A,4
2072,ens3,2p6,1AS,7
2072,ens3,8p5,1A,8
2072,ens3,8p5,1AS,9
2072,ens4,2p6,1A,3
2072,ens4,2p6,1AS,6
2072,ens4,8p5,1A,8
2072,ens4,8p5,1AS,9
2072,ens5,2p6,1A,5
2072,ens5,2p6,1AS,5
2072,ens5,8p5,1A,8
2072,ens5,8p5,1AS,12
2072,ens6,2p6,1A,5
2072,ens6,2p6,1AS,6
2072,ens6,8p5,1A,9
2072,ens6,8p5,1AS,12
2072,ens7,2p6,1A,6
2072,ens7,2p6,1AS,8
2072,ens7,8p5,1A,12
2072,ens7,8p5,1AS,12
2072,ens8,2p6,1A,5
2072,ens8,2p6,1AS,6
2072,ens8,8p5,1A,8
2072,ens8,8p5,1AS,12
2072,ens9,2p6,1A,6
2072,ens9,2p6,1AS,7
2072,ens9,8p5,1A,9
2072,ens9,8p5,1AS,12
2073,ens1,2p6,1A,4
2073,ens1,2p6,1AS,8
2073,ens1,8p5,1A,9
2073,ens1,8p5,1AS,9
2073,ens10,2p6,1A,6
2073,ens10,2p6,1AS,8
2073,ens10,8p5,1A,7
2073,ens10,8p5,1AS,11
2073,ens11,2p6,1A,7
2073,ens11,2p6,1AS,10
2073,ens11,8p5,1A,9
2073,ens11,8p5,1AS,12
2073,ens12,2p6,1A,5
2073,ens12,2p6,1AS,7
2073,ens12,8p5,1A,10
2073,ens12,8p5,1AS,11
2073,ens13,2p6,1A,2
2073,ens13,2p6,1AS,2
2073,ens13,8p5,1A,6
2073,ens13,8p5,1AS,7
2073,ens2,2p6,1A,2
2073,ens2,2p6,1AS,2
2073,ens2,8p5,1A,8
2073,ens2,8p5,1AS,11
2073,ens3,2p6,1A,4
2073,ens3,2p6,1AS,7
2073,ens3,8p5,1A,6
2073,ens3,8p5,1AS,7
2073,ens4,2p6,1A,4
2073,ens4,2p6,1AS,6
2073,ens4,8p5,1A,8
2073,ens4,8p5,1AS,11
2073,ens5,2p6,1A,5
2073,ens5,2p6,1AS,5
2073,ens5,8p5,1A,8
2073,ens5,8p5,1AS,11
2073,ens6,2p6,1A,4
2073,ens6,2p6,1AS,6
2073,ens6,8p5,1A,5
2073,ens6,8p5,1AS,7
2073,ens7,2p6,1A,7
2073,ens7,2p6,1AS,8
2073,ens7,8p5,1A,11
2073,ens7,8p5,1AS,11
2073,ens8,2p6,1A,5
2073,ens8,2p6,1AS,8
2073,ens8,8p5,1A,7
2073,ens8,8p5,1AS,12
2073,ens9,2p6,1A,6
2073,ens9,2p6,1AS,6
2073,ens9,8p5,1A,9
2073,ens9,8p5,1AS,12
2074,ens1,2p6,1A,4
2074,ens1,2p6,1AS,7
2074,ens1,8p5,1A,10
2074,ens1,8p5,1AS,11
2074,ens10,2p6,1A,5
2074,ens10,2p6,1AS,7
2074,ens10,8p5,1A,7
2074,ens10,8p5,1AS,12
2074,ens11,2p6,1A,7
2074,ens11,2p6,1AS,9
2074,ens11,8p5,1A,8
2074,ens11,8p5,1AS,11
2074,ens12,2p6,1A,5
2074,ens12,2p6,1AS,7
2074,ens12,8p5,1A,9
2074,ens12,8p5,1AS,11
2074,ens13,2p6,1A,2
2074,ens13,2p6,1AS,2
2074,ens13,8p5,1A,6
2074,ens13,8p5,1AS,7
2074,ens2,2p6,1A,4
2074,ens2,2p6,1AS,5
2074,ens2,8p5,1A,11
2074,ens2,8p5,1AS,12
2074,ens3,2p6,1A,5
2074,ens3,2p6,1AS,9
2074,ens3,8p5,1A,5
2074,ens3,8p5,1AS,7
2074,ens4,2p6,1A,4
2074,ens4,2p6,1AS,6
2074,ens4,8p5,1A,11
2074,ens4,8p5,1AS,12
2074,ens5,2p6,1A,5
2074,ens5,2p6,1AS,6
2074,ens5,8p5,1A,9
2074,ens5,8p5,1AS,9
2074,ens6,2p6,1A,4
2074,ens6,2p6,1AS,7
2074,ens6,8p5,1A,6
2074,ens6,8p5,1AS,8
2074,ens7,2p6,1A,5
2074,ens7,2p6,1AS,8
2074,ens7,8p5,1A,10
2074,ens7,8p5,1AS,12
2074,ens8,2p6,1A,5
2074,ens8,2p6,1AS,8
2074,ens8,8p5,1A,8
2074,ens8,8p5,1AS,9
2074,ens9,2p6,1A,6
2074,ens9,2p6,1AS,6
2074,ens9,8p5,1A,10
2074,ens9,8p5,1AS,12
2075,ens1,2p6,1A,5
2075,ens1,2p6,1AS,7
2075,ens1,8p5,1A,7
2075,ens1,8p5,1AS,9
2075,ens10,2p6,1A,6
2075,ens10,2p6,1AS,8
2075,ens10,8p5,1A,8
2075,ens10,8p5,1AS,11
2075,ens11,2p6,1A,7
2075,ens11,2p6,1AS,8
2075,ens11,8p5,1A,9
2075,ens11,8p5,1AS,12
2075,ens12,2p6,1A,5
2075,ens12,2p6,1AS,7
2075,ens12,8p5,1A,9
2075,ens12,8p5,1AS,11
2075,ens13,2p6,1A,3
2075,ens13,2p6,1AS,3
2075,ens13,8p5,1A,6
2075,ens13,8p5,1AS,8
2075,ens2,2p6,1A,4
2075,ens2,2p6,1AS,4
2075,ens2,8p5,1A,6
2075,ens2,8p5,1AS,8
2075,ens3,2p6,1A,4
2075,ens3,2p6,1AS,5
2075,ens3,8p5,1A,6
2075,ens3,8p5,1AS,7
2075,ens4,2p6,1A,6
2075,ens4,2p6,1AS,7
2075,ens4,8p5,1A,12
2075,ens4,8p5,1AS,12
2075,ens5,2p6,1A,5
2075,ens5,2p6,1AS,6
2075,ens5,8p5,1A,8
2075,ens5,8p5,1AS,9
2075,ens6,2p6,1A,5
2075,ens6,2p6,1AS,6
2075,ens6,8p5,1A,6
2075,ens6,8p5,1AS,7
2075,ens7,2p6,1A,6
2075,ens7,2p6,1AS,10
2075,ens7,8p5,1A,12
2075,ens7,8p5,1AS,12
2075,ens8,2p6,1A,5
2075,ens8,2p6,1AS,7
2075,ens8,8p5,1A,8
2075,ens8,8p5,1AS,10
2075,ens9,2p6,1A,6
2075,ens9,2p6,1AS,6
2075,ens9,8p5,1A,8
2075,ens9,8p5,1AS,10
2076,ens1,2p6,1A,5
2076,ens1,2p6,1AS,6
2076,ens1,8p5,1A,9
2076,ens1,8p5,1AS,11
2076,ens10,2p6,1A,6
2076,ens10,2p6,1AS,8
2076,ens10,8p5,1A,7
2076,ens10,8p5,1AS,12
2076,ens11,2p6,1A,7
2076,ens11,2p6,1AS,10
2076,ens11,8p5,1A,9
2076,ens11,8p5,1AS,12
2076,ens12,2p6,1A,5
2076,ens12,2p6,1AS,7
2076,ens12,8p5,1A,7
2076,ens12,8p5,1AS,10
2076,ens13,2p6,1A,4
2076,ens13,2p6,1AS,4
2076,ens13,8p5,1A,6
2076,ens13,8p5,1AS,8
2076,ens2,2p6,1A,4
2076,ens2,2p6,1AS,4
2076,ens2,8p5,1A,7
2076,ens2,8p5,1AS,11
2076,ens3,2p6,1A,6
2076,ens3,2p6,1AS,9
2076,ens3,8p5,1A,6
2076,ens3,8p5,1AS,6
2076,ens4,2p6,1A,6
2076,ens4,2p6,1AS,9
2076,ens4,8p5,1A,8
2076,ens4,8p5,1AS,10
2076,ens5,2p6,1A,5
2076,ens5,2p6,1AS,7
2076,ens5,8p5,1A,8
2076,ens5,8p5,1AS,8
2076,ens6,2p6,1A,5
2076,ens6,2p6,1AS,6
2076,ens6,8p5,1A,8
2076,ens6,8p5,1AS,9
2076,ens7,2p6,1A,6
2076,ens7,2p6,1AS,10
2076,ens7,8p5,1A,11
2076,ens7,8p5,1AS,12
2076,ens8,2p6,1A,5
2076,ens8,2p6,1AS,7
2076,ens8,8p5,1A,8
2076,ens8,8p5,1AS,12
2076,ens9,2p6,1A,6
2076,ens9,2p6,1AS,7
2076,ens9,8p5,1A,9
2076,ens9,8p5,1AS,11
2077,ens1,2p6,1A,5
2077,ens1,2p6,1AS,5
2077,ens1,8p5,1A,10
2077,ens1,8p5,1AS,11
2077,ens10,2p6,1A,6
2077,ens10,2p6,1AS,9
2077,ens10,8p5,1A,7
2077,ens10,8p5,1AS,10
2077,ens11,2p6,1A,7
2077,ens11,2p6,1AS,10
2077,ens11,8p5,1A,9
2077,ens11,8p5,1AS,12
2077,ens12,2p6,1A,5
2077,ens12,2p6,1AS,7
2077,ens12,8p5,1A,8
2077,ens12,8p5,1AS,11
2077,ens13,2p6,1A,2
2077,ens13,2p6,1AS,2
2077,ens13,8p5,1A,7
2077,ens13,8p5,1AS,9
2077,ens2,2p6,1A,4
2077,ens2,2p6,1AS,6
2077,ens2,8p5,1A,8
2077,ens2,8p5,1AS,9
2077,ens3,2p6,1A,5
2077,ens3,2p6,1AS,7
2077,ens3,8p5,1A,8
2077,ens3,8p5,1AS,8
2077,ens4,2p6,1A,6
2077,ens4,2p6,1AS,7
2077,ens4,8p5,1A,12
2077,ens4,8p5,1AS,12
2077,ens5,2p6,1A,5
2077,ens5,2p6,1AS,6
2077,ens5,8p5,1A,8
2077,ens5,8p5,1AS,12
2077,ens6,2p6,1A,4
2077,ens6,2p6,1AS,7
2077,ens6,8p5,1A,6
2077,ens6,8p5,1AS,8
2077,ens7,2p6,1A,4
2077,ens7,2p6,1AS,8
2077,ens7,8p5,1A,10
2077,ens7,8p5,1AS,12
2077,ens8,2p6,1A,6
2077,ens8,2p6,1AS,8
2077,ens8,8p5,1A,9
2077,ens8,8p5,1AS,11
2077,ens9,2p6,1A,6
2077,ens9,2p6,1AS,7
2077,ens9,8p5,1A,10
2077,ens9,8p5,1AS,12
2078,ens1,2p6,1A,4
2078,ens1,2p6,1AS,4
2078,ens1,8p5,1A,9
2078,ens1,8p5,1AS,11
2078,ens10,2p6,1A,5
2078,ens10,2p6,1AS,5
2078,ens10,8p5,1A,8
2078,ens10,8p5,1AS,11
2078,ens11,2p6,1A,5
2078,ens11,2p6,1AS,8
2078,ens11,8p5,1A,11
2078,ens11,8p5,1AS,12
2078,ens12,2p6,1A,5
2078,ens12,2p6,1AS,7
2078,ens12,8p5,1A,10
2078,ens12,8p5,1AS,12
2078,ens13,2p6,1A,4
2078,ens13,2p6,1AS,4
2078,ens13,8p5,1A,7
2078,ens13,8p5,1AS,10
2078,ens2,2p6,1A,4
2078,ens2,2p6,1AS,5
2078,ens2,8p5,1A,9
2078,ens2,8p5,1AS,12
2078,ens3,2p6,1A,4
2078,ens3,2p6,1AS,6
2078,ens3,8p5,1A,7
2078,ens3,8p5,1AS,7
2078,ens4,2p6,1A,6
2078,ens4,2p6,1AS,8
2078,ens4,8p5,1A,8
2078,ens4,8p5,1AS,8
2078,ens5,2p6,1A,7
2078,ens5,2p6,1AS,7
2078,ens5,8p5,1A,7
2078,ens5,8p5,1AS,8
2078,ens6,2p6,1A,5
2078,ens6,2p6,1AS,6
2078,ens6,8p5,1A,6
2078,ens6,8p5,1AS,7
2078,ens7,2p6,1A,6
2078,ens7,2p6,1AS,9
2078,ens7,8p5,1A,7
2078,ens7,8p5,1AS,11
2078,ens8,2p6,1A,6
2078,ens8,2p6,1AS,7
2078,ens8,8p5,1A,12
2078,ens8,8p5,1AS,12
2078,ens9,2p6,1A,7
2078,ens9,2p6,1AS,9
2078,ens9,8p5,1A,11
2078,ens9,8p5,1AS,11
2079,ens1,2p6,1A,6
2079,ens1,2p6,1AS,10
2079,ens1,8p5,1A,9
2079,ens1,8p5,1AS,10
2079,ens10,2p6,1A,5
2079,ens10,2p6,1AS,6
2079,ens10,8p5,1A,11
2079,ens10,8p5,1AS,12
2079,ens11,2p6,1A,5
2079,ens11,2p6,1AS,7
2079,ens11,8p5,1A,10
2079,ens11,8p5,1AS,12
2079,ens12,2p6,1A,5
2079,ens12,2p6,1AS,7
2079,ens12,8p5,1A,10
2079,ens12,8p5,1AS,12
2079,ens13,2p6,1A,4
2079,ens13,2p6,1AS,4
2079,ens13,8p5,1A,8
2079,ens13,8p5,1AS,10
2079,ens2,2p6,1A,4
2079,ens2,2p6,1AS,5
2079,ens2,8p5,1A,9
2079,ens2,8p5,1AS,9
2079,ens3,2p6,1A,2
2079,ens3,2p6,1AS,5
2079,ens3,8p5,1A,11
2079,ens3,8p5,1AS,12
2079,ens4,2p6,1A,5
2079,ens4,2p6,1AS,6
2079,ens4,8p5,1A,8
2079,ens4,8p5,1AS,12
2079,ens5,2p6,1A,6
2079,ens5,2p6,1AS,7
2079,ens5,8p5,1A,8
2079,ens5,8p5,1AS,9
2079,ens6,2p6,1A,6
2079,ens6,2p6,1AS,7
2079,ens6,8p5,1A,7
2079,ens6,8p5,1AS,8
2079,ens7,2p6,1A,7
2079,ens7,2p6,1AS,9
2079,ens7,8p5,1A,9
2079,ens7,8p5,1AS,11
2079,ens8,2p6,1A,5
2079,ens8,2p6,1AS,5
2079,ens8,8p5,1A,8
2079,ens8,8p5,1AS,10
2079,ens9,2p6,1A,6
2079,ens9,2p6,1AS,9
2079,ens9,8p5,1A,12
2079,ens9,8p5,1AS,12
2080,ens1,2p6,1A,6
2080,ens1,2p6,1AS,7
2080,ens1,8p5,1A,11
2080,ens1,8p5,1AS,11
2080,ens10,2p6,1A,5
2080,ens10,2p6,1AS,7
2080,ens10,8p5,1A,11
2080,ens10,8p5,1AS,12
2080,ens11,2p6,1A,6
2080,ens11,2p6,1AS,8
2080,ens11,8p5,1A,7
2080,ens11,8p5,1AS,9
2080,ens12,2p6,1A,4
2080,ens12,2p6,1AS,7
2080,ens12,8p5,1A,11
2080,ens12,8p5,1AS,12
2080,ens13,2p6,1A,3
2080,ens13,2p6,1AS,4
2080,ens13,8p5,1A,7
2080,ens13,8p5,1AS,10
2080,ens2,2p6,1A,2
2080,ens2,2p6,1AS,2
2080,ens2,8p5,1A,8
2080,ens2,8p5,1AS,10
2080,ens3,2p6,1A,5
2080,ens3,2p6,1AS,7
2080,ens3,8p5,1A,7
2080,ens3,8p5,1AS,8
2080,ens4,2p6,1A,4
2080,ens4,2p6,1AS,8
2080,ens4,8p5,1A,11
2080,ens4,8p5,1AS,12
2080,ens5,2p6,1A,7
2080,ens5,2p6,1AS,9
2080,ens5,8p5,1A,8
2080,ens5,8p5,1AS,8
2080,ens6,2p6,1A,5
2080,ens6,2p6,1AS,7
2080,ens6,8p5,1A,7
2080,ens6,8p5,1AS,9
2080,ens7,2p6,1A,7
2080,ens7,2p6,1AS,8
2080,ens7,8p5,1A,12
2080,ens7,8p5,1AS,12
2080,ens8,2p6,1A,5
2080,ens8,2p6,1AS,7
2080,ens8,8p5,1A,11
2080,ens8,8p5,1AS,12
2080,ens9,2p6,1A,6
2080,ens9,2p6,1AS,7
2080,ens9,8p5,1A,12
2080,ens9,8p5,1AS,12
2081,ens1,2p6,1A,4
2081,ens1,2p6,1AS,6
2081,ens1,8p5,1A,9
2081,ens1,8p5,1AS,11
2081,ens10,2p6,1A,5
2081,ens10,2p6,1AS,7
2081,ens10,8p5,1A,8
2081,ens10,8p5,1AS,12
2081,ens11,2p6,1A,6
2081,ens11,2p6,1AS,9
2081,ens11,8p5,1A,8
2081,ens11,8p5,1AS,11
2081,ens12,2p6,1A,4
2081,ens12,2p6,1AS,6
2081,ens12,8p5,1A,12
2081,ens12,8p5,1AS,12
2081,ens13,2p6,1A,2
2081,ens13,2p6,1AS,2
2081,ens13,8p5,1A,6
2081,ens13,8p5,1AS,10
2081,ens2,2p6,1A,4
2081,ens2,2p6,1AS,4
2081,ens2,8p5,1A,6
2081,ens2,8p5,1AS,9
2081,ens3,2p6,1A,7
2081,ens3,2p6,1AS,11
2081,ens3,8p5,1A,7
2081,ens3,8p5,1AS,7
2081,ens4,2p6,1A,6
2081,ens4,2p6,1AS,8
2081,ens4,8p5,1A,9
2081,ens4,8p5,1AS,11
2081,ens5,2p6,1A,5
2081,ens5,2p6,1AS,7
2081,ens5,8p5,1A,7
2081,ens5,8p5,1AS,7
2081,ens6,2p6,1A,6
2081,ens6,2p6,1AS,8
2081,ens6,8p5,1A,8
2081,ens6,8p5,1AS,10
2081,ens7,2p6,1A,5
2081,ens7,2p6,1AS,10
2081,ens7,8p5,1A,9
2081,ens7,8p5,1AS,12
2081,ens8,2p6,1A,6
2081,ens8,2p6,1AS,7
2081,ens8,8p5,1A,12
2081,ens8,8p5,1AS,12
2081,ens9,2p6,1A,7
2081,ens9,2p6,1AS,8
2081,ens9,8p5,1A,12
2081,ens9,8p5,1AS,12
2082,ens1,2p6,1A,7
2082,ens1,2p6,1AS,8
2082,ens1,8p5,1A,9
2082,ens1,8p5,1AS,10
2082,ens10,2p6,1A,6
2082,ens10,2p6,1AS,8
2082,ens10,8p5,1A,8
2082,ens10,8p5,1AS,12
2082,ens11,2p6,1A,6
2082,ens11,2p6,1AS,8
2082,ens11,8p5,1A,9
2082,ens11,8p5,1AS,12
2082,ens12,2p6,1A,4
2082,ens12,2p6,1AS,5
2082,ens12,8p5,1A,9
2082,ens12,8p5,1AS,12
2082,ens13,2p6,1A,2
2082,ens13,2p6,1AS,2
2082,ens13,8p5,1A,6
2082,ens13,8p5,1AS,7
2082,ens2,2p6,1A,2
2082,ens2,2p6,1AS,3
2082,ens2,8p5,1A,7
2082,ens2,8p5,1AS,12
2082,ens3,2p6,1A,7
2082,ens3,2p6,1AS,9
2082,ens3,8p5,1A,7
2082,ens3,8p5,1AS,7
2082,ens4,2p6,1A,5
2082,ens4,2p6,1AS,6
2082,ens4,8p5,1A,9
2082,ens4,8p5,1AS,12
2082,ens5,2p6,1A,6
2082,ens5,2p6,1AS,8
2082,ens5,8p5,1A,9
2082,ens5,8p5,1AS,11
2082,ens6,2p6,1A,7
2082,ens6,2p6,1AS,9
2082,ens6,8p5,1A,6
2082,ens6,8p5,1AS,10
2082,ens7,2p6,1A,5
2082,ens7,2p6,1AS,6
2082,ens7,8p5,1A,10
2082,ens7,8p5,1AS,12
2082,ens8,2p6,1A,5
2082,ens8,2p6,1AS,6
2082,ens8,8p5,1A,10
2082,ens8,8p5,1AS,11
2082,ens9,2p6,1A,5
2082,ens9,2p6,1AS,7
2082,ens9,8p5,1A,12
2082,ens9,8p5,1AS,12
2083,ens1,2p6,1A,6
2083,ens1,2p6,1AS,8
2083,ens1,8p5,1A,9
2083,ens1,8p5,1AS,11
2083,ens10,2p6,1A,5
2083,ens10,2p6,1AS,7
2083,ens10,8p5,1A,7
2083,ens10,8p5,1AS,9
2083,ens11,2p6,1A,6
2083,ens11,2p6,1AS,8
2083,ens11,8p5,1A,8
2083,ens11,8p5,1AS,11
2083,ens12,2p6,1A,4
2083,ens12,2p6,1AS,5
2083,ens12,8p5,1A,9
2083,ens12,8p5,1AS,12
2083,ens13,2p6,1A,2
2083,ens13,2p6,1AS,3
2083,ens13,8p5,1A,6
2083,ens13,8p5,1AS,11
2083,ens2,2p6,1A,2
2083,ens2,2p6,1AS,3
2083,ens2,8p5,1A,9
2083,ens2,8p5,1AS,12
2083,ens3,2p6,1A,5
2083,ens3,2p6,1AS,9
2083,ens3,8p5,1A,6
2083,ens3,8p5,1AS,7
2083,ens4,2p6,1A,6
2083,ens4,2p6,1AS,8
2083,ens4,8p5,1A,10
2083,ens4,8p5,1AS,11
2083,ens5,2p6,1A,6
2083,ens5,2p6,1AS,10
2083,ens5,8p5,1A,7
2083,ens5,8p5,1AS,7
2083,ens6,2p6,1A,5
2083,ens6,2p6,1AS,7
2083,ens6,8p5,1A,8
2083,ens6,8p5,1AS,12
2083,ens7,2p6,1A,4
2083,ens7,2p6,1AS,9
2083,ens7,8p5,1A,12
2083,ens7,8p5,1AS,12
2083,ens8,2p6,1A,5
2083,ens8,2p6,1AS,8
2083,ens8,8p5,1A,10
2083,ens8,8p5,1AS,12
2083,ens9,2p6,1A,5
2083,ens9,2p6,1AS,8
2083,ens9,8p5,1A,10
2083,ens9,8p5,1AS,12
2084,ens1,2p6,1A,5
2084,ens1,2p6,1AS,5
2084,ens1,8p5,1A,8
2084,ens1,8p5,1AS,11
2084,ens10,2p6,1A,5
2084,ens10,2p6,1AS,8
2084,ens10,8p5,1A,8
2084,ens10,8p5,1AS,11
2084,ens11,2p6,1A,6
2084,ens11,2p6,1AS,9
2084,ens11,8p5,1A,10
2084,ens11,8p5,1AS,11
2084,ens12,2p6,1A,5
2084,ens12,2p6,1AS,5
2084,ens12,8p5,1A,11
2084,ens12,8p5,1AS,12
2084,ens13,2p6,1A,3
2084,ens13,2p6,1AS,3
2084,ens13,8p5,1A,7
2084,ens13,8p5,1AS,11
2084,ens2,2p6,1A,4
2084,ens2,2p6,1AS,4
2084,ens2,8p5,1A,9
2084,ens2,8p5,1AS,9
2084,ens3,2p6,1A,6
2084,ens3,2p6,1AS,9
2084,ens3,8p5,1A,7
2084,ens3,8p5,1AS,7
2084,ens4,2p6,1A,6
2084,ens4,2p6,1AS,7
2084,ens4,8p5,1A,9
2084,ens4,8p5,1AS,12
2084,ens5,2p6,1A,7
2084,ens5,2p6,1AS,9
2084,ens5,8p5,1A,9
2084,ens5,8p5,1AS,10
2084,ens6,2p6,1A,4
2084,ens6,2p6,1AS,5
2084,ens6,8p5,1A,8
2084,ens6,8p5,1AS,9
2084,ens7,2p6,1A,5
2084,ens7,2p6,1AS,7
2084,ens7,8p5,1A,11
2084,ens7,8p5,1AS,12
2084,ens8,2p6,1A,5
2084,ens8,2p6,1AS,8
2084,ens8,8p5,1A,11
2084,ens8,8p5,1AS,12
2084,ens9,2p6,1A,6
2084,ens9,2p6,1AS,7
2084,ens9,8p5,1A,10
2084,ens9,8p5,1AS,12
2085,ens1,2p6,1A,5
2085,ens1,2p6,1AS,6
2085,ens1,8p5,1A,8
2085,ens1,8p5,1AS,8
2085,ens10,2p6,1A,5
2085,ens10,2p6,1AS,8
2085,ens10,8p5,1A,9
2085,ens10,8p5,1AS,12
2085,ens11,2p6,1A,8
2085,ens11,2p6,1AS,9
2085,ens11,8p5,1A,10
2085,ens11,8p5,1AS,11
2085,ens12,2p6,1A,5
2085,ens12,2p6,1AS,7
2085,ens12,8p5,1A,12
2085,ens12,8p5,1AS,12
2085,ens13,2p6,1A,4
2085,ens13,2p6,1AS,4
2085,ens13,8p5,1A,7
2085,ens13,8p5,1AS,9
2085,ens2,2p6,1A,4
2085,ens2,2p6,1AS,5
2085,ens2,8p5,1A,9
2085,ens2,8p5,1AS,9
2085,ens3,2p6,1A,4
2085,ens3,2p6,1AS,6
2085,ens3,8p5,1A,9
2085,ens3,8p5,1AS,11
2085,ens4,2p6,1A,3
2085,ens4,2p6,1AS,8
2085,ens4,8p5,1A,11
2085,ens4,8p5,1AS,12
2085,ens5,2p6,1A,6
2085,ens5,2p6,1AS,8
2085,ens5,8p5,1A,8
2085,ens5,8p5,1AS,9
2085,ens6,2p6,1A,5
2085,ens6,2p6,1AS,6
2085,ens6,8p5,1A,9
2085,ens6,8p5,1AS,11
2085,ens7,2p6,1A,6
2085,ens7,2p6,1AS,9
2085,ens7,8p5,1A,12
2085,ens7,8p5,1AS,12
2085,ens8,2p6,1A,6
2085,ens8,2p6,1AS,7
2085,ens8,8p5,1A,12
2085,ens8,8p5,1AS,12
2085,ens9,2p6,1A,6
2085,ens9,2p6,1AS,6
2085,ens9,8p5,1A,12
2085,ens9,8p5,1AS,12
2086,ens1,2p6,1A,5
2086,ens1,2p6,1AS,6
2086,ens1,8p5,1A,11
2086,ens1,8p5,1AS,12
2086,ens10,2p6,1A,5
2086,ens10,2p6,1AS,8
2086,ens10,8p5,1A,10
2086,ens10,8p5,1AS,12
2086,ens11,2p6,1A,6
2086,ens11,2p6,1AS,9
2086,ens11,8p5,1A,12
2086,ens11,8p5,1AS,12
2086,ens12,2p6,1A,5
2086,ens12,2p6,1AS,6
2086,ens12,8p5,1A,12
2086,ens12,8p5,1AS,12
2086,ens13,2p6,1A,2
2086,ens13,2p6,1AS,2
2086,ens13,8p5,1A,6
2086,ens13,8p5,1AS,12
2086,ens2,2p6,1A,4
2086,ens2,2p6,1AS,5
2086,ens2,8p5,1A,12
2086,ens2,8p5,1AS,12
2086,ens3,2p6,1A,7
2086,ens3,2p6,1AS,10
2086,ens3,8p5,1A,9
2086,ens3,8p5,1AS,10
2086,ens4,2p6,1A,4
2086,ens4,2p6,1AS,6
2086,ens4,8p5,1A,12
2086,ens4,8p5,1AS,12
2086,ens5,2p6,1A,5
2086,ens5,2p6,1AS,6
2086,ens5,8p5,1A,9
2086,ens5,8p5,1AS,12
2086,ens6,2p6,1A,6
2086,ens6,2p6,1AS,7
2086,ens6,8p5,1A,8
2086,ens6,8p5,1AS,11
2086,ens7,2p6,1A,6
2086,ens7,2p6,1AS,8
2086,ens7,8p5,1A,12
2086,ens7,8p5,1AS,12
2086,ens8,2p6,1A,5
2086,ens8,2p6,1AS,7
2086,ens8,8p5,1A,12
2086,ens8,8p5,1AS,12
2086,ens9,2p6,1A,5
2086,ens9,2p6,1AS,6
2086,ens9,8p5,1A,12
2086,ens9,8p5,1AS,12
2087,ens1,2p6,1A,6
2087,ens1,2p6,1AS,7
2087,ens1,8p5,1A,11
2087,ens1,8p5,1AS,12
2087,ens10,2p6,1A,5
2087,ens10,2p6,1AS,7
2087,ens10,8p5,1A,12
2087,ens10,8p5,1AS,12
2087,ens11,2p6,1A,6
2087,ens11,2p6,1AS,8
2087,ens11,8p5,1A,11
2087,ens11,8p5,1AS,11
2087,ens12,2p6,1A,5
2087,ens12,2p6,1AS,7
2087,ens12,8p5,1A,12
2087,ens12,8p5,1AS,12
2087,ens13,2p6,1A,3
2087,ens13,2p6,1AS,3
2087,ens13,8p5,1A,6
2087,ens13,8p5,1AS,11
2087,ens2,2p6,1A,3
2087,ens2,2p6,1AS,4
2087,ens2,8p5,1A,9
2087,ens2,8p5,1AS,12
2087,ens3,2p6,1A,6
2087,ens3,2p6,1AS,10
2087,ens3,8p5,1A,11
2087,ens3,8p5,1AS,11
2087,ens4,2p6,1A,5
2087,ens4,2p6,1AS,8
2087,ens4,8p5,1A,12
2087,ens4,8p5,1AS,12
2087,ens5,2p6,1A,5
2087,ens5,2p6,1AS,6
2087,ens5,8p5,1A,10
2087,ens5,8p5,1AS,10
2087,ens6,2p6,1A,4
2087,ens6,2p6,1AS,6
2087,ens6,8p5,1A,8
2087,ens6,8p5,1AS,11
2087,ens7,2p6,1A,6
2087,ens7,2p6,1AS,8
2087,ens7,8p5,1A,12
2087,ens7,8p5,1AS,12
2087,ens8,2p6,1A,5
2087,ens8,2p6,1AS,8
2087,ens8,8p5,1A,10
2087,ens8,8p5,1AS,11
2087,ens9,2p6,1A,4
2087,ens9,2p6,1AS,7
2087,ens9,8p5,1A,12
2087,ens9,8p5,1AS,12
2088,ens1,2p6,1A,5
2088,ens1,2p6,1AS,7
2088,ens1,8p5,1A,12
2088,ens1,8p5,1AS,12
2088,ens10,2p6,1A,5
2088,ens10,2p6,1AS,6
2088,ens10,8p5,1A,12
2088,ens10,8p5,1AS,12
2088,ens11,2p6,1A,6
2088,ens11,2p6,1AS,8
2088,ens11,8p5,1A,11
2088,ens11,8p5,1AS,12
2088,ens12,2p6,1A,5
2088,ens12,2p6,1AS,7
2088,ens12,8p5,1A,12
2088,ens12,8p5,1AS,12
2088,ens13,2p6,1A,4
2088,ens13,2p6,1AS,5
2088,ens13,8p5,1A,9
2088,ens13,8p5,1AS,11
2088,ens2,2p6,1A,3
2088,ens2,2p6,1AS,3
2088,ens2,8p5,1A,9
2088,ens2,8p5,1AS,11
2088,ens3,2p6,1A,5
2088,ens3,2p6,1AS,9
2088,ens3,8p5,1A,11
2088,ens3,8p5,1AS,12
2088,ens4,2p6,1A,5
2088,ens4,2p6,1AS,7
2088,ens4,8p5,1A,12
2088,ens4,8p5,1AS,12
2088,ens5,2p6,1A,6
2088,ens5,2p6,1AS,9
2088,ens5,8p5,1A,10
2088,ens5,8p5,1AS,11
2088,ens6,2p6,1A,5
2088,ens6,2p6,1AS,6
2088,ens6,8p5,1A,11
2088,ens6,8p5,1AS,12
2088,ens7,2p6,1A,6
2088,ens7,2p6,1AS,8
2088,ens7,8p5,1A,12
2088,ens7,8p5,1AS,12
2088,ens8,2p6,1A,5
2088,ens8,2p6,1AS,8
2088,ens8,8p5,1A,12
2088,ens8,8p5,1AS,12
2088,ens9,2p6,1A,5
2088,ens9,2p6,1AS,6
2088,ens9,8p5,1A,9
2088,ens9,8p5,1AS,11
2089,ens1,2p6,1A,4
2089,ens1,2p6,1AS,6
2089,ens1,8p5,1A,12
2089,ens1,8p5,1AS,12
2089,ens10,2p6,1A,5
2089,ens10,2p6,1AS,7
2089,ens10,8p5,1A,12
2089,ens10,8p5,1AS,12
2089,ens11,2p6,1A,6
2089,ens11,2p6,1AS,8
2089,ens11,8p5,1A,12
2089,ens11,8p5,1AS,12
2089,ens12,2p6,1A,5
2089,ens12,2p6,1AS,7
2089,ens12,8p5,1A,12
2089,ens12,8p5,1AS,12
2089,ens13,2p6,1A,2
2089,ens13,2p6,1AS,3
2089,ens13,8p5,1A,6
2089,ens13,8p5,1AS,11
2089,ens2,2p6,1A,3
2089,ens2,2p6,1AS,3
2089,ens2,8p5,1A,11
2089,ens2,8p5,1AS,12
2089,ens3,2p6,1A,6
2089,ens3,2p6,1AS,8
2089,ens3,8p5,1A,10
2089,ens3,8p5,1AS,11
2089,ens4,2p6,1A,5
2089,ens4,2p6,1AS,6
2089,ens4,8p5,1A,12
2089,ens4,8p5,1AS,12
2089,ens5,2p6,1A,7
2089,ens5,2p6,1AS,7
2089,ens5,8p5,1A,8
2089,ens5,8p5,1AS,8
2089,ens6,2p6,1A,5
2089,ens6,2p6,1AS,7
2089,ens6,8p5,1A,7
2089,ens6,8p5,1AS,10
2089,ens7,2p6,1A,6
2089,ens7,2p6,1AS,9
2089,ens7,8p5,1A,12
2089,ens7,8p5,1AS,12
2089,ens8,2p6,1A,6
2089,ens8,2p6,1AS,8
2089,ens8,8p5,1A,12
2089,ens8,8p5,1AS,12
2089,ens9,2p6,1A,6
2089,ens9,2p6,1AS,7
2089,ens9,8p5,1A,12
2089,ens9,8p5,1AS,12
2090,ens1,2p6,1A,3
2090,ens1,2p6,1AS,4
2090,ens1,8p5,1A,10
2090,ens1,8p5,1AS,11
2090,ens10,2p6,1A,5
2090,ens10,2p6,1AS,9
2090,ens10,8p5,1A,11
2090,ens10,8p5,1AS,12
2090,ens11,2p6,1A,5
2090,ens11,2p6,1AS,7
2090,ens11,8p5,1A,11
2090,ens11,8p5,1AS,12
2090,ens12,2p6,1A,5
2090,ens12,2p6,1AS,7
2090,ens12,8p5,1A,11
2090,ens12,8p5,1AS,12
2090,ens13,2p6,1A,2
2090,ens13,2p6,1AS,2
2090,ens13,8p5,1A,6
2090,ens13,8p5,1AS,10
2090,ens2,2p6,1A,2
2090,ens2,2p6,1AS,2
2090,ens2,8p5,1A,11
2090,ens2,8p5,1AS,12
2090,ens3,2p6,1A,3
2090,ens3,2p6,1AS,4
2090,ens3,8p5,1A,7
2090,ens3,8p5,1AS,8
2090,ens4,2p6,1A,6
2090,ens4,2p6,1AS,6
2090,ens4,8p5,1A,12
2090,ens4,8p5,1AS,12
2090,ens5,2p6,1A,7
2090,ens5,2p6,1AS,10
2090,ens5,8p5,1A,10
2090,ens5,8p5,1AS,11
2090,ens6,2p6,1A,5
2090,ens6,2p6,1AS,8
2090,ens6,8p5,1A,7
2090,ens6,8p5,1AS,8
2090,ens7,2p6,1A,6
2090,ens7,2p6,1AS,8
2090,ens7,8p5,1A,12
2090,ens7,8p5,1AS,12
2090,ens8,2p6,1A,5
2090,ens8,2p6,1AS,6
2090,ens8,8p5,1A,11
2090,ens8,8p5,1AS,12
2090,ens9,2p6,1A,6
2090,ens9,2p6,1AS,7
2090,ens9,8p5,1A,12
2090,ens9,8p5,1AS,12
2091,ens1,2p6,1A,5
2091,ens1,2p6,1AS,6
2091,ens1,8p5,1A,9
2091,ens1,8p5,1AS,9
2091,ens10,2p6,1A,5
2091,ens10,2p6,1AS,8
2091,ens10,8p5,1A,12
2091,ens10,8p5,1AS,12
2091,ens11,2p6,1A,5
2091,ens11,2p6,1AS,8
2091,ens11,8p5,1A,10
2091,ens11,8p5,1AS,12
2091,ens12,2p6,1A,5
2091,ens12,2p6,1AS,7
2091,ens12,8p5,1A,11
2091,ens12,8p5,1AS,12
2091,ens13,2p6,1A,2
2091,ens13,2p6,1AS,3
2091,ens13,8p5,1A,7
2091,ens13,8p5,1AS,10
2091,ens2,2p6,1A,3
2091,ens2,2p6,1AS,3
2091,ens2,8p5,1A,10
2091,ens2,8p5,1AS,10
2091,ens3,2p6,1A,5
2091,ens3,2p6,1AS,9
2091,ens3,8p5,1A,10
2091,ens3,8p5,1AS,11
2091,ens4,2p6,1A,5
2091,ens4,2p6,1AS,6
2091,ens4,8p5,1A,12
2091,ens4,8p5,1AS,12
2091,ens5,2p6,1A,6
2091,ens5,2p6,1AS,8
2091,ens5,8p5,1A,9
2091,ens5,8p5,1AS,9
2091,ens6,2p6,1A,6
2091,ens6,2p6,1AS,6
2091,ens6,8p5,1A,10
2091,ens6,8p5,1AS,10
2091,ens7,2p6,1A,3
2091,ens7,2p6,1AS,5
2091,ens7,8p5,1A,12
2091,ens7,8p5,1AS,12
2091,ens8,2p6,1A,6
2091,ens8,2p6,1AS,8
2091,ens8,8p5,1A,12
2091,ens8,8p5,1AS,12
2091,ens9,2p6,1A,6
2091,ens9,2p6,1AS,7
2091,ens9,8p5,1A,12
2091,ens9,8p5,1AS,12
2092,ens1,2p6,1A,7
2092,ens1,2p6,1AS,7
2092,ens1,8p5,1A,11
2092,ens1,8p5,1AS,11
2092,ens10,2p6,1A,5
2092,ens10,2p6,1AS,8
2092,ens10,8p5,1A,12
2092,ens10,8p5,1AS,12
2092,ens11,2p6,1A,6
2092,ens11,2p6,1AS,8
2092,ens11,8p5,1A,11
2092,ens11,8p5,1AS,12
2092,ens12,2p6,1A,5
2092,ens12,2p6,1AS,7
2092,ens12,8p5,1A,10
2092,ens12,8p5,1AS,12
2092,ens13,2p6,1A,4
2092,ens13,2p6,1AS,4
2092,ens13,8p5,1A,7
2092,ens13,8p5,1AS,9
2092,ens2,2p6,1A,4
2092,ens2,2p6,1AS,5
2092,ens2,8p5,1A,9
2092,ens2,8p5,1AS,9
2092,ens3,2p6,1A,4
2092,ens3,2p6,1AS,5
2092,ens3,8p5,1A,8
2092,ens3,8p5,1AS,9
2092,ens4,2p6,1A,4
2092,ens4,2p6,1AS,6
2092,ens4,8p5,1A,9
2092,ens4,8p5,1AS,11
2092,ens5,2p6,1A,6
2092,ens5,2p6,1AS,6
2092,ens5,8p5,1A,8
2092,ens5,8p5,1AS,10
2092,ens6,2p6,1A,5
2092,ens6,2p6,1AS,7
2092,ens6,8p5,1A,9
2092,ens6,8p5,1AS,11
2092,ens7,2p6,1A,6
2092,ens7,2p6,1AS,7
2092,ens7,8p5,1A,12
2092,ens7,8p5,1AS,12
2092,ens8,2p6,1A,6
2092,ens8,2p6,1AS,8
2092,ens8,8p5,1A,12
2092,ens8,8p5,1AS,12
2092,ens9,2p6,1A,6
2092,ens9,2p6,1AS,6
2092,ens9,8p5,1A,11
2092,ens9,8p5,1AS,12
2093,ens1,2p6,1A,6
2093,ens1,2p6,1AS,8
2093,ens1,8p5,1A,9
2093,ens1,8p5,1AS,11
2093,ens10,2p6,1A,4
2093,ens10,2p6,1AS,8
2093,ens10,8p5,1A,12
2093,ens10,8p5,1AS,12
2093,ens11,2p6,1A,4
2093,ens11,2p6,1AS,8
2093,ens11,8p5,1A,11
2093,ens11,8p5,1AS,11
2093,ens12,2p6,1A,5
2093,ens12,2p6,1AS,7
2093,ens12,8p5,1A,12
2093,ens12,8p5,1AS,12
2093,ens13,2p6,1A,3
2093,ens13,2p6,1AS,3
2093,ens13,8p5,1A,7
2093,ens13,8p5,1AS,9
2093,ens2,2p6,1A,3
2093,ens2,2p6,1AS,4
2093,ens2,8p5,1A,9
2093,ens2,8p5,1AS,9
2093,ens3,2p6,1A,4
2093,ens3,2p6,1AS,6
2093,ens3,8p5,1A,12
2093,ens3,8p5,1AS,12
2093,ens4,2p6,1A,2
2093,ens4,2p6,1AS,4
2093,ens4,8p5,1A,12
2093,ens4,8p5,1AS,12
2093,ens5,2p6,1A,6
2093,ens5,2p6,1AS,7
2093,ens5,8p5,1A,8
2093,ens5,8p5,1AS,9
2093,ens6,2p6,1A,5
2093,ens6,2p6,1AS,7
2093,ens6,8p5,1A,9
2093,ens6,8p5,1AS,11
2093,ens7,2p6,1A,6
2093,ens7,2p6,1AS,8
2093,ens7,8p5,1A,12
2093,ens7,8p5,1AS,12
2093,ens8,2p6,1A,6
2093,ens8,2p6,1AS,9
2093,ens8,8p5,1A,12
2093,ens8,8p5,1AS,12
2093,ens9,2p6,1A,6
2093,ens9,2p6,1AS,7
2093,ens9,8p5,1A,12
2093,ens9,8p5,1AS,12
2094,ens1,2p6,1A,5
2094,ens1,2p6,1AS,7
2094,ens1,8p5,1A,9
2094,ens1,8p5,1AS,10
2094,ens10,2p6,1A,5
2094,ens10,2p6,1AS,7
2094,ens10,8p5,1A,12
2094,ens10,8p5,1AS,12
2094,ens11,2p6,1A,6
2094,ens11,2p6,1AS,8
2094,ens11,8p5,1A,12
2094,ens11,8p5,1AS,12
2094,ens12,2p6,1A,5
2094,ens12,2p6,1AS,5
2094,ens12,8p5,1A,12
2094,ens12,8p5,1AS,12
2094,ens13,2p6,1A,2
2094,ens13,2p6,1AS,2
2094,ens13,8p5,1A,8
2094,ens13,8p5,1AS,10
2094,ens2,2p6,1A,3
2094,ens2,2p6,1AS,4
2094,ens2,8p5,1A,11
2094,ens2,8p5,1AS,12
2094,ens3,2p6,1A,6
2094,ens3,2p6,1AS,8
2094,ens3,8p5,1A,12
2094,ens3,8p5,1AS,12
2094,ens4,2p6,1A,5
2094,ens4,2p6,1AS,7
2094,ens4,8p5,1A,12
2094,ens4,8p5,1AS,12
2094,ens5,2p6,1A,6
2094,ens5,2p6,1AS,8
2094,ens5,8p5,1A,10
2094,ens5,8p5,1AS,10
2094,ens6,2p6,1A,3
2094,ens6,2p6,1AS,6
2094,ens6,8p5,1A,11
2094,ens6,8p5,1AS,12
2094,ens7,2p6,1A,7
2094,ens7,2p6,1AS,8
2094,ens7,8p5,1A,11
2094,ens7,8p5,1AS,12
2094,ens8,2p6,1A,3
2094,ens8,2p6,1AS,7
2094,ens8,8p5,1A,12
2094,ens8,8p5,1AS,12
2094,ens9,2p6,1A,7
2094,ens9,2p6,1AS,7
2094,ens9,8p5,1A,11
2094,ens9,8p5,1AS,12
2095,ens1,2p6,1A,6
2095,ens1,2p6,1AS,7
2095,ens1,8p5,1A,12
2095,ens1,8p5,1AS,12
2095,ens10,2p6,1A,5
2095,ens10,2p6,1AS,8
2095,ens10,8p5,1A,12
2095,ens10,8p5,1AS,12
2095,ens11,2p6,1A,6
2095,ens11,2p6,1AS,9
2095,ens11,8p5,1A,12
2095,ens11,8p5,1AS,12
2095,ens12,2p6,1A,5
2095,ens12,2p6,1AS,7
2095,ens12,8p5,1A,12
2095,ens12,8p5,1AS,12
2095,ens13,2p6,1A,4
2095,ens13,2p6,1AS,4
2095,ens13,8p5,1A,8
2095,ens13,8p5,1AS,12
2095,ens2,2p6,1A,4
2095,ens2,2p6,1AS,5
2095,ens2,8p5,1A,9
2095,ens2,8p5,1AS,10
2095,ens3,2p6,1A,8
2095,ens3,2p6,1AS,10
2095,ens3,8p5,1A,12
2095,ens3,8p5,1AS,12
2095,ens4,2p6,1A,6
2095,ens4,2p6,1AS,8
2095,ens4,8p5,1A,12
2095,ens4,8p5,1AS,12
2095,ens5,2p6,1A,6
2095,ens5,2p6,1AS,10
2095,ens5,8p5,1A,8
2095,ens5,8p5,1AS,8
2095,ens6,2p6,1A,4
2095,ens6,2p6,1AS,6
2095,ens6,8p5,1A,12
2095,ens6,8p5,1AS,12
2095,ens7,2p6,1A,5
2095,ens7,2p6,1AS,9
2095,ens7,8p5,1A,12
2095,ens7,8p5,1AS,12
2095,ens8,2p6,1A,4
2095,ens8,2p6,1AS,7
2095,ens8,8p5,1A,12
2095,ens8,8p5,1AS,12
2095,ens9,2p6,1A,6
2095,ens9,2p6,1AS,6
2095,ens9,8p5,1A,12
2095,ens9,8p5,1AS,12
2096,ens1,2p6,1A,5
2096,ens1,2p6,1AS,6
2096,ens1,8p5,1A,12
2096,ens1,8p5,1AS,12
2096,ens10,2p6,1A,4
2096,ens10,2p6,1AS,7
2096,ens10,8p5,1A,12
2096,ens10,8p5,1AS,12
2096,ens11,2p6,1A,7
2096,ens11,2p6,1AS,9
2096,ens11,8p5,1A,12
2096,ens11,8p5,1AS,12
2096,ens12,2p6,1A,4
2096,ens12,2p6,1AS,6
2096,ens12,8p5,1A,11
2096,ens12,8p5,1AS,12
2096,ens13,2p6,1A,2
2096,ens13,2p6,1AS,2
2096,ens13,8p5,1A,7
2096,ens13,8p5,1AS,10
2096,ens2,2p6,1A,4
2096,ens2,2p6,1AS,5
2096,ens2,8p5,1A,10
2096,ens2,8p5,1AS,12
2096,ens3,2p6,1A,7
2096,ens3,2p6,1AS,10
2096,ens3,8p5,1A,12
2096,ens3,8p5,1AS,12
2096,ens4,2p6,1A,5
2096,ens4,2p6,1AS,7
2096,ens4,8p5,1A,9
2096,ens4,8p5,1AS,12
2096,ens5,2p6,1A,6
2096,ens5,2p6,1AS,8
2096,ens5,8p5,1A,9
2096,ens5,8p5,1AS,9
2096,ens6,2p6,1A,5
2096,ens6,2p6,1AS,7
2096,ens6,8p5,1A,12
2096,ens6,8p5,1AS,12
2096,ens7,2p6,1A,4
2096,ens7,2p6,1AS,7
2096,ens7,8p5,1A,12
2096,ens7,8p5,1AS,12
2096,ens8,2p6,1A,5
2096,ens8,2p6,1AS,6
2096,ens8,8p5,1A,12
2096,ens8,8p5,1AS,12
2096,ens9,2p6,1A,6
2096,ens9,2p6,1AS,7
2096,ens9,8p5,1A,12
2096,ens9,8p5,1AS,12
2097,ens1,2p6,1A,4
2097,ens1,2p6,1AS,7
2097,ens1,8p5,1A,11
2097,ens1,8p5,1AS,12
2097,ens10,2p6,1A,5
2097,ens10,2p6,1AS,7
2097,ens10,8p5,1A,12
2097,ens10,8p5,1AS,12
2097,ens11,2p6,1A,6
2097,ens11,2p6,1AS,9
2097,ens11,8p5,1A,12
2097,ens11,8p5,1AS,12
2097,ens12,2p6,1A,4
2097,ens12,2p6,1AS,6
2097,ens12,8p5,1A,11
2097,ens12,8p5,1AS,12
2097,ens13,2p6,1A,2
2097,ens13,2p6,1AS,2
2097,ens13,8p5,1A,5
2097,ens13,8p5,1AS,7
2097,ens2,2p6,1A,3
2097,ens2,2p6,1AS,4
2097,ens2,8p5,1A,11
2097,ens2,8p5,1AS,12
2097,ens3,2p6,1A,6
2097,ens3,2p6,1AS,11
2097,ens3,8p5,1A,12
2097,ens3,8p5,1AS,12
2097,ens4,2p6,1A,5
2097,ens4,2p6,1AS,7
2097,ens4,8p5,1A,12
2097,ens4,8p5,1AS,12
2097,ens5,2p6,1A,7
2097,ens5,2p6,1AS,11
2097,ens5,8p5,1A,10
2097,ens5,8p5,1AS,11
2097,ens6,2p6,1A,7
2097,ens6,2p6,1AS,8
2097,ens6,8p5,1A,12
2097,ens6,8p5,1AS,12
2097,ens7,2p6,1A,5
2097,ens7,2p6,1AS,6
2097,ens7,8p5,1A,12
2097,ens7,8p5,1AS,12
2097,ens8,2p6,1A,5
2097,ens8,2p6,1AS,7
2097,ens8,8p5,1A,12
2097,ens8,8p5,1AS,12
2097,ens9,2p6,1A,6
2097,ens9,2p6,1AS,8
2097,ens9,8p5,1A,12
2097,ens9,8p5,1AS,12
2098,ens1,2p6,1A,4
2098,ens1,2p6,1AS,7
2098,ens1,8p5,1A,11
2098,ens1,8p5,1AS,12
2098,ens10,2p6,1A,5
2098,ens10,2p6,1AS,8
2098,ens10,8p5,1A,12
2098,ens10,8p5,1AS,12
2098,ens11,2p6,1A,7
2098,ens11,2p6,1AS,9
2098,ens11,8p5,1A,12
2098,ens11,8p5,1AS,12
2098,ens12,2p6,1A,5
2098,ens12,2p6,1AS,7
2098,ens12,8p5,1A,12
2098,ens12,8p5,1AS,12
2098,ens13,2p6,1A,2
2098,ens13,2p6,1AS,3
2098,ens13,8p5,1A,7
2098,ens13,8p5,1AS,10
2098,ens2,2p6,1A,4
2098,ens2,2p6,1AS,4
2098,ens2,8p5,1A,12
2098,ens2,8p5,1AS,12
2098,ens3,2p6,1A,6
2098,ens3,2p6,1AS,6
2098,ens3,8p5,1A,12
2098,ens3,8p5,1AS,12
2098,ens4,2p6,1A,5
2098,ens4,2p6,1AS,7
2098,ens4,8p5,1A,12
2098,ens4,8p5,1AS,12
2098,ens5,2p6,1A,6
2098,ens5,2p6,1AS,9
2098,ens5,8p5,1A,9
2098,ens5,8p5,1AS,9
2098,ens6,2p6,1A,5
2098,ens6,2p6,1AS,6
2098,ens6,8p5,1A,10
2098,ens6,8p5,1AS,11
2098,ens7,2p6,1A,5
2098,ens7,2p6,1AS,8
2098,ens7,8p5,1A,12
2098,ens7,8p5,1AS,12
2098,ens8,2p6,1A,6
2098,ens8,2p6,1AS,7
2098,ens8,8p5,1A,12
2098,ens8,8p5,1AS,12
2098,ens9,2p6,1A,7
2098,ens9,2p6,1AS,8
2098,ens9,8p5,1A,11
2098,ens9,8p5,1AS,12
2099,ens1,2p6,1A,4
2099,ens1,2p6,1AS,5
2099,ens1,8p5,1A,9
2099,ens1,8p5,1AS,9
2099,ens10,2p6,1A,5
2099,ens10,2p6,1AS,9
2099,ens10,8p5,1A,12
2099,ens10,8p5,1AS,12
2099,ens11,2p6,1A,7
2099,ens11,2p6,1AS,9
2099,ens11,8p5,1A,12
2099,ens11,8p5,1AS,12
2099,ens12,2p6,1A,5
2099,ens12,2p6,1AS,7
2099,ens12,8p5,1A,12
2099,ens12,8p5,1AS,12
2099,ens13,2p6,1A,2
2099,ens13,2p6,1AS,2
2099,ens13,8p5,1A,9
2099,ens13,8p5,1AS,9
2099,ens2,2p6,1A,4
2099,ens2,2p6,1AS,5
2099,ens2,8p5,1A,12
2099,ens2,8p5,1AS,12
2099,ens3,2p6,1A,8
2099,ens3,2p6,1AS,11
2099,ens3,8p5,1A,12
2099,ens3,8p5,1AS,12
2099,ens4,2p6,1A,6
2099,ens4,2p6,1AS,8
2099,ens4,8p5,1A,12
2099,ens4,8p5,1AS,12
2099,ens5,2p6,1A,6
2099,ens5,2p6,1AS,10
2099,ens5,8p5,1A,9
2099,ens5,8p5,1AS,11
2099,ens6,2p6,1A,8
2099,ens6,2p6,1AS,8
2099,ens6,8p5,1A,10
2099,ens6,8p5,1AS,12
2099,ens7,2p6,1A,7
2099,ens7,2p6,1AS,8
2099,ens7,8p5,1A,12
2099,ens7,8p5,1AS,12
2099,ens8,2p6,1A,6
2099,ens8,2p6,1AS,8
2099,ens8,8p5,1A,11
2099,ens8,8p5,1AS,12
2099,ens9,2p6,1A,6
2099,ens9,2p6,1AS,7
2099,ens9,8p5,1A,12
2099,ens9,8p5,1AS,12
2100,ens1,2p6,1A,5
2100,ens1,2p6,1AS,6
2100,ens1,8p5,1A,12
2100,ens1,8p5,1AS,12
2100,ens10,2p6,1A,6
2100,ens10,2p6,1AS,9
2100,ens10,8p5,1A,12
2100,ens10,8p5,1AS,12
2100,ens11,2p6,1A,6
2100,ens11,2p6,1AS,8
2100,ens11,8p5,1A,12
2100,ens11,8p5,1AS,12
2100,ens12,2p6,1A,5
2100,ens12,2p6,1AS,6
2100,ens12,8p5,1A,12
2100,ens12,8p5,1AS,12
2100,ens13,2p6,1A,2
2100,ens13,2p6,1AS,2
2100,ens13,8p5,1A,8
2100,ens13,8p5,1AS,11
2100,ens2,2p6,1A,4
2100,ens2,2p6,1AS,5
2100,ens2,8p5,1A,12
2100,ens2,8p5,1AS,12
2100,ens3,2p6,1A,4
2100,ens3,2p6,1AS,7
2100,ens3,8p5,1A,10
2100,ens3,8p5,1AS,11
2100,ens4,2p6,1A,7
2100,ens4,2p6,1AS,10
2100,ens4,8p5,1A,12
2100,ens4,8p5,1AS,12
2100,ens5,2p6,1A,2
2100,ens5,2p6,1AS,5
2100,ens5,8p5,1A,11
2100,ens5,8p5,1AS,12
2100,ens6,2p6,1A,5
2100,ens6,2p6,1AS,7
2100,ens6,8p5,1A,11
2100,ens6,8p5,1AS,12
2100,ens7,2p6,1A,7
2100,ens7,2p6,1AS,7
2100,ens7,8p5,1A,12
2100,ens7,8p5,1AS,12
2100,ens8,2p6,1A,6
2100,ens8,2p6,1AS,8
2100,ens8,8p5,1A,12
2100,ens8,8p5,1AS,12
2100,ens9,2p6,1A,6
2100,ens9,2p6,1AS,8
2100,ens9,8p5,1A,12
2100,ens9,8p5,1AS,12
